#
# There is insufficient memory for the Java Runtime Environment to continue.
# Native memory allocation (malloc) failed to allocate 2008016 bytes. Error detail: Chunk::new
# Possible reasons:
#   The system is out of physical RAM or swap space
#   This process is running with CompressedOops enabled, and the Java Heap may be blocking the growth of the native heap
# Possible solutions:
#   Reduce memory load on the system
#   Increase physical memory or swap space
#   Check if swap backing store is full
#   Decrease Java heap size (-Xmx/-Xms)
#   Decrease number of Java threads
#   Decrease Java thread stack sizes (-Xss)
#   Set larger code cache with -XX:ReservedCodeCacheSize=
#   JVM is running with Unscaled Compressed Oops mode in which the Java heap is
#     placed in the first 4GB address space. The Java Heap base address is the
#     maximum limit for the native heap growth. Please use -XX:HeapBaseMinAddress
#     to set the Java Heap base and to place the Java Heap above 4GB virtual address.
# This output file may be truncated or incomplete.
#
#  Out of Memory Error (arena.cpp:168), pid=1900, tid=6944
#
# JRE version: OpenJDK Runtime Environment Temurin-21.0.3+9 (21.0.3+9) (build 21.0.3+9-LTS)
# Java VM: OpenJDK 64-Bit Server VM Temurin-21.0.3+9 (21.0.3+9-LTS, mixed mode, tiered, compressed oops, compressed class ptrs, g1 gc, windows-amd64)
# No core dump will be written. Minidumps are not enabled by default on client versions of Windows
#

---------------  S U M M A R Y ------------

Command Line: -Dosgi.requiredJavaVersion=1.8 -Dosgi.instance.area.default=@user.home/STM32CubeIDE/workspace_1.18.1 -Declipse.buildId=Version 1.18.1 -DproductMaturityGrade=mm -Djdk.http.auth.tunneling.disabledSchemes= -XX:+UseG1GC -XX:+UseStringDeduplication -Xms256m -Xmx1024m -Djavax.net.ssl.trustStoreType=WINDOWS-ROOT 

Host: 12th Gen Intel(R) Core(TM) i5-1240P, 16 cores, 7G,  Windows 11 , 64 bit Build 26100 (10.0.26100.5074)
Time: Tue Jan 27 18:24:41 2026 India Standard Time elapsed time: 454.287771 seconds (0d 0h 7m 34s)

---------------  T H R E A D  ---------------

Current thread (0x000002413e988ed0):  JavaThread "C2 CompilerThread1" daemon [_thread_in_native, id=6944, stack(0x000000b7e2000000,0x000000b7e2100000) (1024K)]


Current CompileTask:
C2: 454288 28462       4       org.eclipse.swt.custom.StyledTextRenderer::getTextLayout (2898 bytes)

Stack: [0x000000b7e2000000,0x000000b7e2100000]
Native frames: (J=compiled Java code, j=interpreted, Vv=VM code, C=native code)
V  [jvm.dll+0x6c8699]
V  [jvm.dll+0x8a2061]
V  [jvm.dll+0x8a458e]
V  [jvm.dll+0x8a4c63]
V  [jvm.dll+0x27e476]
V  [jvm.dll+0xc4a1d]
V  [jvm.dll+0xc4f53]
V  [jvm.dll+0x3b2622]
V  [jvm.dll+0x37efa5]
V  [jvm.dll+0x37e40a]
V  [jvm.dll+0x2469c0]
V  [jvm.dll+0x245f9f]
V  [jvm.dll+0x1c6f4e]
V  [jvm.dll+0x255719]
V  [jvm.dll+0x253cba]
V  [jvm.dll+0x3ec1e6]
V  [jvm.dll+0x84bf8b]
V  [jvm.dll+0x6c6dcd]
C  [ucrtbase.dll+0x37b0]
C  [KERNEL32.DLL+0x2e8d7]
C  [ntdll.dll+0x8d9c]


---------------  P R O C E S S  ---------------

Threads class SMR info:
_java_thread_list=0x0000024158aaf3b0, length=58, elements={
0x000002412180f3a0, 0x000002413e7f9e60, 0x000002413e7fa8c0, 0x000002413e7ee690,
0x000002413e7ef0f0, 0x000002413e7e8570, 0x000002413e7ecb40, 0x000002413e830600,
0x000002413e8333c0, 0x000002413e8429b0, 0x000002413e9ee6d0, 0x000002413e9fe400,
0x0000024144586ff0, 0x00000241444165c0, 0x00000241448ec810, 0x0000024144505d50,
0x00000241449374f0, 0x000002414493d690, 0x000002414493ea40, 0x000002414493fdf0,
0x000002414493c970, 0x000002414493d000, 0x00000241452e13a0, 0x00000241452e0d10,
0x00000241452e20c0, 0x000002414a8f9490, 0x000002414a8faed0, 0x000002414a8fc910,
0x000002414a8fa1b0, 0x0000024143272140, 0x00000241432727d0, 0x00000241442b2bb0,
0x00000241442b3f60, 0x00000241442b3240, 0x00000241442b45f0, 0x000002414ab21c00,
0x000002414ab22fb0, 0x000002414ab22290, 0x000002414ab21570, 0x000002414ab22920,
0x000002414ab1fb30, 0x000002414ab23640, 0x000002414a8f9b20, 0x000002414a8f8770,
0x000002414a8fdcc0, 0x000002414a8fcfa0, 0x000002414a8fe350, 0x000002414a8fc280,
0x000002414b86a5a0, 0x000002414b86b2c0, 0x0000024145b561a0, 0x0000024145b5b6f0,
0x0000024145b5a340, 0x000002414b0c0700, 0x00000241435038a0, 0x000002414b0c0d90,
0x000002413e988ed0, 0x000002413e988800
}

Java Threads: ( => current thread )
  0x000002412180f3a0 JavaThread "main"                              [_thread_in_native, id=10520, stack(0x000000b7dea00000,0x000000b7deb00000) (1024K)]
  0x000002413e7f9e60 JavaThread "Reference Handler"          daemon [_thread_blocked, id=17556, stack(0x000000b7df500000,0x000000b7df600000) (1024K)]
  0x000002413e7fa8c0 JavaThread "Finalizer"                  daemon [_thread_blocked, id=9104, stack(0x000000b7df600000,0x000000b7df700000) (1024K)]
  0x000002413e7ee690 JavaThread "Signal Dispatcher"          daemon [_thread_blocked, id=16460, stack(0x000000b7df700000,0x000000b7df800000) (1024K)]
  0x000002413e7ef0f0 JavaThread "Attach Listener"            daemon [_thread_blocked, id=36628, stack(0x000000b7df800000,0x000000b7df900000) (1024K)]
  0x000002413e7e8570 JavaThread "Service Thread"             daemon [_thread_blocked, id=22784, stack(0x000000b7df900000,0x000000b7dfa00000) (1024K)]
  0x000002413e7ecb40 JavaThread "Monitor Deflation Thread"   daemon [_thread_blocked, id=25896, stack(0x000000b7dfa00000,0x000000b7dfb00000) (1024K)]
  0x000002413e830600 JavaThread "C2 CompilerThread0"         daemon [_thread_blocked, id=6208, stack(0x000000b7dfb00000,0x000000b7dfc00000) (1024K)]
  0x000002413e8333c0 JavaThread "C1 CompilerThread0"         daemon [_thread_blocked, id=11744, stack(0x000000b7dfc00000,0x000000b7dfd00000) (1024K)]
  0x000002413e8429b0 JavaThread "StringDedupThread"          daemon [_thread_blocked, id=13748, stack(0x000000b7dfd00000,0x000000b7dfe00000) (1024K)]
  0x000002413e9ee6d0 JavaThread "Notification Thread"        daemon [_thread_blocked, id=10504, stack(0x000000b7e0000000,0x000000b7e0100000) (1024K)]
  0x000002413e9fe400 JavaThread "Common-Cleaner"             daemon [_thread_blocked, id=31968, stack(0x000000b7e0100000,0x000000b7e0200000) (1024K)]
  0x0000024144586ff0 JavaThread "Active Thread: Equinox Container: 424859c8-e4a2-42fa-b285-5610b1397c04"        [_thread_blocked, id=27352, stack(0x000000b7e1100000,0x000000b7e1200000) (1024K)]
  0x00000241444165c0 JavaThread "Framework Event Dispatcher: Equinox Container: 424859c8-e4a2-42fa-b285-5610b1397c04" daemon [_thread_blocked, id=34060, stack(0x000000b7e1200000,0x000000b7e1300000) (1024K)]
  0x00000241448ec810 JavaThread "Start Level: Equinox Container: 424859c8-e4a2-42fa-b285-5610b1397c04" daemon [_thread_blocked, id=37248, stack(0x000000b7e1300000,0x000000b7e1400000) (1024K)]
  0x0000024144505d50 JavaThread "SCR Component Actor"        daemon [_thread_blocked, id=25876, stack(0x000000b7e1400000,0x000000b7e1500000) (1024K)]
  0x00000241449374f0 JavaThread "EMF Reference Cleaner"      daemon [_thread_blocked, id=22656, stack(0x000000b7e1600000,0x000000b7e1700000) (1024K)]
  0x000002414493d690 JavaThread "Worker-JM"                         [_thread_blocked, id=25892, stack(0x000000b7e1a00000,0x000000b7e1b00000) (1024K)]
  0x000002414493ea40 JavaThread "Gogo shell"                        [_thread_blocked, id=10312, stack(0x000000b7e1b00000,0x000000b7e1c00000) (1024K)]
  0x000002414493fdf0 JavaThread "JNA Cleaner"                daemon [_thread_blocked, id=19608, stack(0x000000b7e1d00000,0x000000b7e1e00000) (1024K)]
  0x000002414493c970 JavaThread "Bundle File Closer"         daemon [_thread_blocked, id=22132, stack(0x000000b7e1f00000,0x000000b7e2000000) (1024K)]
  0x000002414493d000 JavaThread "Log4j2-TF-1-Scheduled-1"    daemon [_thread_blocked, id=19756, stack(0x000000b7e2100000,0x000000b7e2200000) (1024K)]
  0x00000241452e13a0 JavaThread "EventAdmin Async Event Dispatcher Thread" daemon [_thread_blocked, id=16876, stack(0x000000b7dff00000,0x000000b7e0000000) (1024K)]
  0x00000241452e0d10 JavaThread "Worker-2"                          [_thread_blocked, id=9664, stack(0x000000b7e0400000,0x000000b7e0500000) (1024K)]
  0x00000241452e20c0 JavaThread "Worker-5"                          [_thread_blocked, id=31540, stack(0x000000b7e2800000,0x000000b7e2900000) (1024K)]
  0x000002414a8f9490 JavaThread "pool-3-thread-1"                   [_thread_blocked, id=19876, stack(0x000000b7e3100000,0x000000b7e3200000) (1024K)]
  0x000002414a8faed0 JavaThread "pool-4-thread-1"                   [_thread_blocked, id=35608, stack(0x000000b7e3200000,0x000000b7e3300000) (1024K)]
  0x000002414a8fc910 JavaThread "Java2D Disposer"            daemon [_thread_blocked, id=15272, stack(0x000000b7e3300000,0x000000b7e3400000) (1024K)]
  0x000002414a8fa1b0 JavaThread "AWT-Windows"                daemon [_thread_in_native, id=35756, stack(0x000000b7e3500000,0x000000b7e3600000) (1024K)]
  0x0000024143272140 JavaThread "RMI TCP Accept-41337"       daemon [_thread_in_native, id=37632, stack(0x000000b7e3f00000,0x000000b7e4000000) (1024K)]
  0x00000241432727d0 JavaThread "RMI Reaper"                        [_thread_blocked, id=17536, stack(0x000000b7e4000000,0x000000b7e4100000) (1024K)]
  0x00000241442b2bb0 JavaThread "RMI GC Daemon"              daemon [_thread_blocked, id=24848, stack(0x000000b7e4100000,0x000000b7e4200000) (1024K)]
  0x00000241442b3f60 JavaThread "TimerQueue"                 daemon [_thread_blocked, id=17948, stack(0x000000b7dfe00000,0x000000b7dff00000) (1024K)]
  0x00000241442b3240 JavaThread "AWT-Shutdown"                      [_thread_blocked, id=5612, stack(0x000000b7e3700000,0x000000b7e3800000) (1024K)]
  0x00000241442b45f0 JavaThread "AWT-EventQueue-0"                  [_thread_blocked, id=24260, stack(0x000000b7e3900000,0x000000b7e3a00000) (1024K)]
  0x000002414ab21c00 JavaThread "IPC Server Thread"          daemon [_thread_in_native, id=37304, stack(0x000000b7e3800000,0x000000b7e3900000) (1024K)]
  0x000002414ab22fb0 JavaThread "Chromium Process Thread"           [_thread_in_native, id=5456, stack(0x000000b7e3a00000,0x000000b7e3b00000) (1024K)]
  0x000002414ab22290 JavaThread "Chromium Process Logger"    daemon [_thread_in_native, id=20616, stack(0x000000b7e3d00000,0x000000b7e3e00000) (1024K)]
  0x000002414ab21570 JavaThread "org.eclipse.cdt.internal.ui.text.CReconciler" daemon [_thread_blocked, id=30044, stack(0x000000b7e3e00000,0x000000b7e3f00000) (1024K)]
  0x000002414ab22920 JavaThread "IPC Memory Reader Thread"          [_thread_in_native, id=16516, stack(0x000000b7e4300000,0x000000b7e4400000) (1024K)]
  0x000002414ab1fb30 JavaThread "Browser Thread: 5e599648-c3d8-4613-9169-6d7e0c63b256" daemon [_thread_blocked, id=3560, stack(0x000000b7e4400000,0x000000b7e4500000) (1024K)]
  0x000002414ab23640 JavaThread "Socket Connection Checker: 5e599648-c3d8-4613-9169-6d7e0c63b256"        [_thread_in_native, id=19320, stack(0x000000b7e4500000,0x000000b7e4600000) (1024K)]
  0x000002414a8f9b20 JavaThread "Render Thread: be037326-3644-4e76-bc20-48f4f9c4a5dd" daemon [_thread_blocked, id=16560, stack(0x000000b7e4e00000,0x000000b7e4f00000) (1024K)]
  0x000002414a8f8770 JavaThread "IPC Memory Reader Thread"          [_thread_in_native, id=23760, stack(0x000000b7e4d00000,0x000000b7e4e00000) (1024K)]
  0x000002414a8fdcc0 JavaThread "Socket Connection Checker: be037326-3644-4e76-bc20-48f4f9c4a5dd"        [_thread_in_native, id=26056, stack(0x000000b7e4f00000,0x000000b7e5000000) (1024K)]
  0x000002414a8fcfa0 JavaThread "Render Thread: da2e53cd-e2b9-44ac-98e2-b1e48412c2fe" daemon [_thread_blocked, id=26680, stack(0x000000b7e5500000,0x000000b7e5600000) (1024K)]
  0x000002414a8fe350 JavaThread "IPC Memory Reader Thread"          [_thread_in_native, id=28220, stack(0x000000b7e5400000,0x000000b7e5500000) (1024K)]
  0x000002414a8fc280 JavaThread "Socket Connection Checker: da2e53cd-e2b9-44ac-98e2-b1e48412c2fe"        [_thread_in_native, id=11024, stack(0x000000b7e5600000,0x000000b7e5700000) (1024K)]
  0x000002414b86a5a0 JavaThread "Browser Widget Thread"             [_thread_blocked, id=2880, stack(0x000000b7e3c00000,0x000000b7e3d00000) (1024K)]
  0x000002414b86b2c0 JavaThread "Serial Ports Filter"        daemon [_thread_blocked, id=32536, stack(0x000000b7e5100000,0x000000b7e5200000) (1024K)]
  0x0000024145b561a0 JavaThread "pool-5-thread-1"                   [_thread_blocked, id=20008, stack(0x000000b7e3600000,0x000000b7e3700000) (1024K)]
  0x0000024145b5b6f0 JavaThread "HttpClient-1-SelectorManager" daemon [_thread_in_native, id=24304, stack(0x000000b7e2600000,0x000000b7e2700000) (1024K)]
  0x0000024145b5a340 JavaThread "Provisioning Event Dispatcher" daemon [_thread_blocked, id=8836, stack(0x000000b7e3000000,0x000000b7e3100000) (1024K)]
  0x000002414b0c0700 JavaThread "GPU Thread: 8037ba1a-1900-460a-a242-5dfa8bcbd0cb" daemon [_thread_blocked, id=28368, stack(0x000000b7ded00000,0x000000b7dee00000) (1024K)]
  0x00000241435038a0 JavaThread "IPC Memory Reader Thread"          [_thread_in_native, id=2748, stack(0x000000b7dec00000,0x000000b7ded00000) (1024K)]
  0x000002414b0c0d90 JavaThread "Socket Connection Checker: 8037ba1a-1900-460a-a242-5dfa8bcbd0cb"        [_thread_in_native, id=30324, stack(0x000000b7e0200000,0x000000b7e0300000) (1024K)]
=>0x000002413e988ed0 JavaThread "C2 CompilerThread1"         daemon [_thread_in_native, id=6944, stack(0x000000b7e2000000,0x000000b7e2100000) (1024K)]
  0x000002413e988800 JavaThread "C1 CompilerThread1"         daemon [_thread_blocked, id=11772, stack(0x000000b7e2200000,0x000000b7e2300000) (1024K)]
Total: 58

Other Threads:
  0x000002413e769440 VMThread "VM Thread"                           [id=35936, stack(0x000000b7df400000,0x000000b7df500000) (1024K)]
  0x000002413e6e3db0 WatcherThread "VM Periodic Task Thread"        [id=32492, stack(0x000000b7df300000,0x000000b7df400000) (1024K)]
  0x00000241218443f0 WorkerThread "GC Thread#0"                     [id=34080, stack(0x000000b7dee00000,0x000000b7def00000) (1024K)]
  0x000002414371e610 WorkerThread "GC Thread#1"                     [id=17936, stack(0x000000b7e0500000,0x000000b7e0600000) (1024K)]
  0x00000241445346c0 WorkerThread "GC Thread#2"                     [id=22632, stack(0x000000b7e0600000,0x000000b7e0700000) (1024K)]
  0x0000024144534a60 WorkerThread "GC Thread#3"                     [id=29596, stack(0x000000b7e0700000,0x000000b7e0800000) (1024K)]
  0x0000024144534e00 WorkerThread "GC Thread#4"                     [id=15184, stack(0x000000b7e0800000,0x000000b7e0900000) (1024K)]
  0x0000024144263170 WorkerThread "GC Thread#5"                     [id=8944, stack(0x000000b7e0900000,0x000000b7e0a00000) (1024K)]
  0x000002414425bb50 WorkerThread "GC Thread#6"                     [id=18576, stack(0x000000b7e0a00000,0x000000b7e0b00000) (1024K)]
  0x000002414349c160 WorkerThread "GC Thread#7"                     [id=34560, stack(0x000000b7e0b00000,0x000000b7e0c00000) (1024K)]
  0x00000241440be000 WorkerThread "GC Thread#8"                     [id=240, stack(0x000000b7e0c00000,0x000000b7e0d00000) (1024K)]
  0x0000024144468da0 WorkerThread "GC Thread#9"                     [id=17988, stack(0x000000b7e0d00000,0x000000b7e0e00000) (1024K)]
  0x0000024144469fc0 WorkerThread "GC Thread#10"                    [id=21908, stack(0x000000b7e0e00000,0x000000b7e0f00000) (1024K)]
  0x000002414446a360 WorkerThread "GC Thread#11"                    [id=36896, stack(0x000000b7e0f00000,0x000000b7e1000000) (1024K)]
  0x0000024144469140 WorkerThread "GC Thread#12"                    [id=32544, stack(0x000000b7e1000000,0x000000b7e1100000) (1024K)]
  0x000002412184d3d0 ConcurrentGCThread "G1 Main Marker"            [id=23220, stack(0x000000b7def00000,0x000000b7df000000) (1024K)]
  0x000002412184ded0 WorkerThread "G1 Conc#0"                       [id=10256, stack(0x000000b7df000000,0x000000b7df100000) (1024K)]
  0x0000024144469880 WorkerThread "G1 Conc#1"                       [id=28748, stack(0x000000b7e1700000,0x000000b7e1800000) (1024K)]
  0x00000241444694e0 WorkerThread "G1 Conc#2"                       [id=32404, stack(0x000000b7e1800000,0x000000b7e1900000) (1024K)]
  0x000002413e5b7250 ConcurrentGCThread "G1 Refine#0"               [id=6260, stack(0x000000b7df100000,0x000000b7df200000) (1024K)]
  0x000002413e5b7a70 ConcurrentGCThread "G1 Service"                [id=5356, stack(0x000000b7df200000,0x000000b7df300000) (1024K)]
Total: 21

Threads with active compile tasks:
C2 CompilerThread1   454353 28462       4       org.eclipse.swt.custom.StyledTextRenderer::getTextLayout (2898 bytes)
Total: 1

VM state: not at safepoint (normal execution)

VM Mutex/Monitor currently owned by a thread: None

Heap address: 0x00000000c0000000, size: 1024 MB, Compressed Oops mode: 32-bit

CDS archive(s) not mapped
Compressed class space mapped at: 0x0000000100000000-0x0000000140000000, reserved size: 1073741824
Narrow klass base: 0x0000000000000000, Narrow klass shift: 3, Narrow klass range: 0x140000000

GC Precious Log:
 CardTable entry size: 512
 Card Set container configuration: InlinePtr #cards 5 size 8 Array Of Cards #cards 12 size 40 Howl #buckets 4 coarsen threshold 1843 Howl Bitmap #cards 512 size 80 coarsen threshold 460 Card regions per heap region 1 cards per card region 2048
 CPUs: 16 total, 16 available
 Memory: 7896M
 Large Page Support: Disabled
 NUMA Support: Disabled
 Compressed Oops: Enabled (32-bit)
 Heap Region Size: 1M
 Heap Min Capacity: 256M
 Heap Initial Capacity: 256M
 Heap Max Capacity: 1G
 Pre-touch: Disabled
 Parallel Workers: 13
 Concurrent Workers: 3
 Concurrent Refinement Workers: 13
 Periodic GC: Disabled
 String Deduplication is enabled

Heap:
 garbage-first heap   total 1048576K, used 676630K [0x00000000c0000000, 0x0000000100000000)
  region size 1024K, 93 young (95232K), 21 survivors (21504K)
 Metaspace       used 181777K, committed 185152K, reserved 1245184K
  class space    used 20989K, committed 22400K, reserved 1048576K

Heap Regions: E=young(eden), S=young(survivor), O=old, HS=humongous(starts), HC=humongous(continues), CS=collection set, F=free, TAMS=top-at-mark-start, PB=parsable bottom
|   0|0x00000000c0000000, 0x00000000c0100000, 0x00000000c0100000|100%| O|  |TAMS 0x00000000c0000000| PB 0x00000000c0000000| Untracked 
|   1|0x00000000c0100000, 0x00000000c0200000, 0x00000000c0200000|100%| O|  |TAMS 0x00000000c0100000| PB 0x00000000c0100000| Untracked 
|   2|0x00000000c0200000, 0x00000000c0300000, 0x00000000c0300000|100%| O|  |TAMS 0x00000000c0200000| PB 0x00000000c0200000| Untracked 
|   3|0x00000000c0300000, 0x00000000c0400000, 0x00000000c0400000|100%| O|  |TAMS 0x00000000c0300000| PB 0x00000000c0300000| Untracked 
|   4|0x00000000c0400000, 0x00000000c0500000, 0x00000000c0500000|100%| O|  |TAMS 0x00000000c0400000| PB 0x00000000c0400000| Untracked 
|   5|0x00000000c0500000, 0x00000000c0600000, 0x00000000c0600000|100%| O|  |TAMS 0x00000000c0500000| PB 0x00000000c0500000| Untracked 
|   6|0x00000000c0600000, 0x00000000c0700000, 0x00000000c0700000|100%| O|  |TAMS 0x00000000c0600000| PB 0x00000000c0600000| Untracked 
|   7|0x00000000c0700000, 0x00000000c0800000, 0x00000000c0800000|100%|HS|  |TAMS 0x00000000c0700000| PB 0x00000000c0700000| Complete 
|   8|0x00000000c0800000, 0x00000000c0900000, 0x00000000c0900000|100%| O|  |TAMS 0x00000000c0800000| PB 0x00000000c0800000| Untracked 
|   9|0x00000000c0900000, 0x00000000c0a00000, 0x00000000c0a00000|100%| O|  |TAMS 0x00000000c0900000| PB 0x00000000c0900000| Untracked 
|  10|0x00000000c0a00000, 0x00000000c0b00000, 0x00000000c0b00000|100%| O|  |TAMS 0x00000000c0a00000| PB 0x00000000c0a00000| Untracked 
|  11|0x00000000c0b00000, 0x00000000c0c00000, 0x00000000c0c00000|100%| O|  |TAMS 0x00000000c0b00000| PB 0x00000000c0b00000| Untracked 
|  12|0x00000000c0c00000, 0x00000000c0d00000, 0x00000000c0d00000|100%| O|  |TAMS 0x00000000c0c00000| PB 0x00000000c0c00000| Untracked 
|  13|0x00000000c0d00000, 0x00000000c0e00000, 0x00000000c0e00000|100%| O|  |TAMS 0x00000000c0d00000| PB 0x00000000c0d00000| Untracked 
|  14|0x00000000c0e00000, 0x00000000c0f00000, 0x00000000c0f00000|100%| O|  |TAMS 0x00000000c0e00000| PB 0x00000000c0e00000| Untracked 
|  15|0x00000000c0f00000, 0x00000000c1000000, 0x00000000c1000000|100%| O|  |TAMS 0x00000000c0f00000| PB 0x00000000c0f00000| Untracked 
|  16|0x00000000c1000000, 0x00000000c1100000, 0x00000000c1100000|100%| O|  |TAMS 0x00000000c1000000| PB 0x00000000c1000000| Untracked 
|  17|0x00000000c1100000, 0x00000000c1200000, 0x00000000c1200000|100%| O|  |TAMS 0x00000000c1100000| PB 0x00000000c1100000| Untracked 
|  18|0x00000000c1200000, 0x00000000c1300000, 0x00000000c1300000|100%| O|  |TAMS 0x00000000c1200000| PB 0x00000000c1200000| Untracked 
|  19|0x00000000c1300000, 0x00000000c1400000, 0x00000000c1400000|100%| O|  |TAMS 0x00000000c1300000| PB 0x00000000c1300000| Untracked 
|  20|0x00000000c1400000, 0x00000000c1500000, 0x00000000c1500000|100%| O|  |TAMS 0x00000000c1400000| PB 0x00000000c1400000| Untracked 
|  21|0x00000000c1500000, 0x00000000c1600000, 0x00000000c1600000|100%| O|  |TAMS 0x00000000c1500000| PB 0x00000000c1500000| Untracked 
|  22|0x00000000c1600000, 0x00000000c1700000, 0x00000000c1700000|100%| O|  |TAMS 0x00000000c1600000| PB 0x00000000c1600000| Untracked 
|  23|0x00000000c1700000, 0x00000000c1800000, 0x00000000c1800000|100%| O|  |TAMS 0x00000000c1700000| PB 0x00000000c1700000| Untracked 
|  24|0x00000000c1800000, 0x00000000c1900000, 0x00000000c1900000|100%| O|  |TAMS 0x00000000c1800000| PB 0x00000000c1800000| Untracked 
|  25|0x00000000c1900000, 0x00000000c1a00000, 0x00000000c1a00000|100%| O|  |TAMS 0x00000000c1900000| PB 0x00000000c1900000| Untracked 
|  26|0x00000000c1a00000, 0x00000000c1b00000, 0x00000000c1b00000|100%| O|  |TAMS 0x00000000c1a00000| PB 0x00000000c1a00000| Untracked 
|  27|0x00000000c1b00000, 0x00000000c1c00000, 0x00000000c1c00000|100%| O|  |TAMS 0x00000000c1b00000| PB 0x00000000c1b00000| Untracked 
|  28|0x00000000c1c00000, 0x00000000c1d00000, 0x00000000c1d00000|100%| O|  |TAMS 0x00000000c1c00000| PB 0x00000000c1c00000| Untracked 
|  29|0x00000000c1d00000, 0x00000000c1e00000, 0x00000000c1e00000|100%| O|  |TAMS 0x00000000c1d00000| PB 0x00000000c1d00000| Untracked 
|  30|0x00000000c1e00000, 0x00000000c1f00000, 0x00000000c1f00000|100%| O|  |TAMS 0x00000000c1e00000| PB 0x00000000c1e00000| Untracked 
|  31|0x00000000c1f00000, 0x00000000c2000000, 0x00000000c2000000|100%| O|  |TAMS 0x00000000c1f00000| PB 0x00000000c1f00000| Untracked 
|  32|0x00000000c2000000, 0x00000000c2100000, 0x00000000c2100000|100%| O|  |TAMS 0x00000000c2000000| PB 0x00000000c2000000| Untracked 
|  33|0x00000000c2100000, 0x00000000c2200000, 0x00000000c2200000|100%| O|  |TAMS 0x00000000c2100000| PB 0x00000000c2100000| Untracked 
|  34|0x00000000c2200000, 0x00000000c2300000, 0x00000000c2300000|100%| O|  |TAMS 0x00000000c2200000| PB 0x00000000c2200000| Untracked 
|  35|0x00000000c2300000, 0x00000000c2400000, 0x00000000c2400000|100%| O|  |TAMS 0x00000000c2300000| PB 0x00000000c2300000| Untracked 
|  36|0x00000000c2400000, 0x00000000c2500000, 0x00000000c2500000|100%| O|  |TAMS 0x00000000c2400000| PB 0x00000000c2400000| Untracked 
|  37|0x00000000c2500000, 0x00000000c2600000, 0x00000000c2600000|100%| O|  |TAMS 0x00000000c2500000| PB 0x00000000c2500000| Untracked 
|  38|0x00000000c2600000, 0x00000000c2700000, 0x00000000c2700000|100%| O|  |TAMS 0x00000000c2600000| PB 0x00000000c2600000| Untracked 
|  39|0x00000000c2700000, 0x00000000c2800000, 0x00000000c2800000|100%| O|  |TAMS 0x00000000c2700000| PB 0x00000000c2700000| Untracked 
|  40|0x00000000c2800000, 0x00000000c2900000, 0x00000000c2900000|100%| O|  |TAMS 0x00000000c2800000| PB 0x00000000c2800000| Untracked 
|  41|0x00000000c2900000, 0x00000000c2a00000, 0x00000000c2a00000|100%| O|  |TAMS 0x00000000c2900000| PB 0x00000000c2900000| Untracked 
|  42|0x00000000c2a00000, 0x00000000c2b00000, 0x00000000c2b00000|100%| O|  |TAMS 0x00000000c2a00000| PB 0x00000000c2a00000| Untracked 
|  43|0x00000000c2b00000, 0x00000000c2c00000, 0x00000000c2c00000|100%|HS|  |TAMS 0x00000000c2b00000| PB 0x00000000c2b00000| Complete 
|  44|0x00000000c2c00000, 0x00000000c2d00000, 0x00000000c2d00000|100%|HC|  |TAMS 0x00000000c2c00000| PB 0x00000000c2c00000| Complete 
|  45|0x00000000c2d00000, 0x00000000c2e00000, 0x00000000c2e00000|100%| O|  |TAMS 0x00000000c2d00000| PB 0x00000000c2d00000| Untracked 
|  46|0x00000000c2e00000, 0x00000000c2f00000, 0x00000000c2f00000|100%| O|  |TAMS 0x00000000c2e00000| PB 0x00000000c2e00000| Untracked 
|  47|0x00000000c2f00000, 0x00000000c3000000, 0x00000000c3000000|100%| O|  |TAMS 0x00000000c2f00000| PB 0x00000000c2f00000| Untracked 
|  48|0x00000000c3000000, 0x00000000c3100000, 0x00000000c3100000|100%| O|  |TAMS 0x00000000c3000000| PB 0x00000000c3000000| Untracked 
|  49|0x00000000c3100000, 0x00000000c3200000, 0x00000000c3200000|100%| O|  |TAMS 0x00000000c3100000| PB 0x00000000c3100000| Untracked 
|  50|0x00000000c3200000, 0x00000000c3300000, 0x00000000c3300000|100%| O|  |TAMS 0x00000000c3200000| PB 0x00000000c3200000| Untracked 
|  51|0x00000000c3300000, 0x00000000c3400000, 0x00000000c3400000|100%|HS|  |TAMS 0x00000000c3300000| PB 0x00000000c3300000| Complete 
|  52|0x00000000c3400000, 0x00000000c3500000, 0x00000000c3500000|100%| O|  |TAMS 0x00000000c3400000| PB 0x00000000c3400000| Untracked 
|  53|0x00000000c3500000, 0x00000000c3600000, 0x00000000c3600000|100%| O|  |TAMS 0x00000000c3500000| PB 0x00000000c3500000| Untracked 
|  54|0x00000000c3600000, 0x00000000c3700000, 0x00000000c3700000|100%| O|  |TAMS 0x00000000c3600000| PB 0x00000000c3600000| Untracked 
|  55|0x00000000c3700000, 0x00000000c3800000, 0x00000000c3800000|100%| O|  |TAMS 0x00000000c3700000| PB 0x00000000c3700000| Untracked 
|  56|0x00000000c3800000, 0x00000000c3900000, 0x00000000c3900000|100%| O|  |TAMS 0x00000000c3800000| PB 0x00000000c3800000| Untracked 
|  57|0x00000000c3900000, 0x00000000c3a00000, 0x00000000c3a00000|100%| O|  |TAMS 0x00000000c3900000| PB 0x00000000c3900000| Untracked 
|  58|0x00000000c3a00000, 0x00000000c3b00000, 0x00000000c3b00000|100%| O|  |TAMS 0x00000000c3a00000| PB 0x00000000c3a00000| Untracked 
|  59|0x00000000c3b00000, 0x00000000c3c00000, 0x00000000c3c00000|100%| O|  |TAMS 0x00000000c3b00000| PB 0x00000000c3b00000| Untracked 
|  60|0x00000000c3c00000, 0x00000000c3d00000, 0x00000000c3d00000|100%| O|  |TAMS 0x00000000c3c00000| PB 0x00000000c3c00000| Untracked 
|  61|0x00000000c3d00000, 0x00000000c3e00000, 0x00000000c3e00000|100%| O|  |TAMS 0x00000000c3d00000| PB 0x00000000c3d00000| Untracked 
|  62|0x00000000c3e00000, 0x00000000c3f00000, 0x00000000c3f00000|100%| O|  |TAMS 0x00000000c3e00000| PB 0x00000000c3e00000| Untracked 
|  63|0x00000000c3f00000, 0x00000000c4000000, 0x00000000c4000000|100%| O|  |TAMS 0x00000000c3f00000| PB 0x00000000c3f00000| Untracked 
|  64|0x00000000c4000000, 0x00000000c4100000, 0x00000000c4100000|100%| O|  |TAMS 0x00000000c4000000| PB 0x00000000c4000000| Untracked 
|  65|0x00000000c4100000, 0x00000000c4200000, 0x00000000c4200000|100%| O|  |TAMS 0x00000000c4100000| PB 0x00000000c4100000| Untracked 
|  66|0x00000000c4200000, 0x00000000c4300000, 0x00000000c4300000|100%|HS|  |TAMS 0x00000000c4200000| PB 0x00000000c4200000| Complete 
|  67|0x00000000c4300000, 0x00000000c4400000, 0x00000000c4400000|100%|HC|  |TAMS 0x00000000c4300000| PB 0x00000000c4300000| Complete 
|  68|0x00000000c4400000, 0x00000000c4500000, 0x00000000c4500000|100%|HC|  |TAMS 0x00000000c4400000| PB 0x00000000c4400000| Complete 
|  69|0x00000000c4500000, 0x00000000c4600000, 0x00000000c4600000|100%|HC|  |TAMS 0x00000000c4500000| PB 0x00000000c4500000| Complete 
|  70|0x00000000c4600000, 0x00000000c4700000, 0x00000000c4700000|100%|HC|  |TAMS 0x00000000c4600000| PB 0x00000000c4600000| Complete 
|  71|0x00000000c4700000, 0x00000000c4800000, 0x00000000c4800000|100%|HC|  |TAMS 0x00000000c4700000| PB 0x00000000c4700000| Complete 
|  72|0x00000000c4800000, 0x00000000c4900000, 0x00000000c4900000|100%|HS|  |TAMS 0x00000000c4800000| PB 0x00000000c4800000| Complete 
|  73|0x00000000c4900000, 0x00000000c4a00000, 0x00000000c4a00000|100%|HS|  |TAMS 0x00000000c4900000| PB 0x00000000c4900000| Complete 
|  74|0x00000000c4a00000, 0x00000000c4b00000, 0x00000000c4b00000|100%| O|  |TAMS 0x00000000c4a00000| PB 0x00000000c4a00000| Untracked 
|  75|0x00000000c4b00000, 0x00000000c4c00000, 0x00000000c4c00000|100%| O|  |TAMS 0x00000000c4b00000| PB 0x00000000c4b00000| Untracked 
|  76|0x00000000c4c00000, 0x00000000c4d00000, 0x00000000c4d00000|100%| O|  |TAMS 0x00000000c4c00000| PB 0x00000000c4c00000| Untracked 
|  77|0x00000000c4d00000, 0x00000000c4e00000, 0x00000000c4e00000|100%| O|  |TAMS 0x00000000c4d00000| PB 0x00000000c4d00000| Untracked 
|  78|0x00000000c4e00000, 0x00000000c4f00000, 0x00000000c4f00000|100%| O|  |TAMS 0x00000000c4e00000| PB 0x00000000c4e00000| Untracked 
|  79|0x00000000c4f00000, 0x00000000c5000000, 0x00000000c5000000|100%| O|  |TAMS 0x00000000c4f00000| PB 0x00000000c4f00000| Untracked 
|  80|0x00000000c5000000, 0x00000000c5100000, 0x00000000c5100000|100%| O|  |TAMS 0x00000000c5000000| PB 0x00000000c5000000| Untracked 
|  81|0x00000000c5100000, 0x00000000c5200000, 0x00000000c5200000|100%| O|  |TAMS 0x00000000c5100000| PB 0x00000000c5100000| Untracked 
|  82|0x00000000c5200000, 0x00000000c5300000, 0x00000000c5300000|100%| O|  |TAMS 0x00000000c5200000| PB 0x00000000c5200000| Untracked 
|  83|0x00000000c5300000, 0x00000000c5400000, 0x00000000c5400000|100%| O|  |TAMS 0x00000000c5300000| PB 0x00000000c5300000| Untracked 
|  84|0x00000000c5400000, 0x00000000c5500000, 0x00000000c5500000|100%| O|  |TAMS 0x00000000c5400000| PB 0x00000000c5400000| Untracked 
|  85|0x00000000c5500000, 0x00000000c5600000, 0x00000000c5600000|100%| O|  |TAMS 0x00000000c5500000| PB 0x00000000c5500000| Untracked 
|  86|0x00000000c5600000, 0x00000000c5700000, 0x00000000c5700000|100%|HS|  |TAMS 0x00000000c5600000| PB 0x00000000c5600000| Complete 
|  87|0x00000000c5700000, 0x00000000c5800000, 0x00000000c5800000|100%|HC|  |TAMS 0x00000000c5700000| PB 0x00000000c5700000| Complete 
|  88|0x00000000c5800000, 0x00000000c5900000, 0x00000000c5900000|100%|HC|  |TAMS 0x00000000c5800000| PB 0x00000000c5800000| Complete 
|  89|0x00000000c5900000, 0x00000000c5a00000, 0x00000000c5a00000|100%|HS|  |TAMS 0x00000000c5900000| PB 0x00000000c5900000| Complete 
|  90|0x00000000c5a00000, 0x00000000c5b00000, 0x00000000c5b00000|100%|HC|  |TAMS 0x00000000c5a00000| PB 0x00000000c5a00000| Complete 
|  91|0x00000000c5b00000, 0x00000000c5c00000, 0x00000000c5c00000|100%|HC|  |TAMS 0x00000000c5b00000| PB 0x00000000c5b00000| Complete 
|  92|0x00000000c5c00000, 0x00000000c5d00000, 0x00000000c5d00000|100%|HS|  |TAMS 0x00000000c5c00000| PB 0x00000000c5c00000| Complete 
|  93|0x00000000c5d00000, 0x00000000c5e00000, 0x00000000c5e00000|100%|HC|  |TAMS 0x00000000c5d00000| PB 0x00000000c5d00000| Complete 
|  94|0x00000000c5e00000, 0x00000000c5f00000, 0x00000000c5f00000|100%|HC|  |TAMS 0x00000000c5e00000| PB 0x00000000c5e00000| Complete 
|  95|0x00000000c5f00000, 0x00000000c6000000, 0x00000000c6000000|100%|HS|  |TAMS 0x00000000c5f00000| PB 0x00000000c5f00000| Complete 
|  96|0x00000000c6000000, 0x00000000c6100000, 0x00000000c6100000|100%|HC|  |TAMS 0x00000000c6000000| PB 0x00000000c6000000| Complete 
|  97|0x00000000c6100000, 0x00000000c6200000, 0x00000000c6200000|100%|HC|  |TAMS 0x00000000c6100000| PB 0x00000000c6100000| Complete 
|  98|0x00000000c6200000, 0x00000000c6300000, 0x00000000c6300000|100%|HS|  |TAMS 0x00000000c6200000| PB 0x00000000c6200000| Complete 
|  99|0x00000000c6300000, 0x00000000c6400000, 0x00000000c6400000|100%|HC|  |TAMS 0x00000000c6300000| PB 0x00000000c6300000| Complete 
| 100|0x00000000c6400000, 0x00000000c6500000, 0x00000000c6500000|100%|HC|  |TAMS 0x00000000c6400000| PB 0x00000000c6400000| Complete 
| 101|0x00000000c6500000, 0x00000000c6600000, 0x00000000c6600000|100%|HS|  |TAMS 0x00000000c6500000| PB 0x00000000c6500000| Complete 
| 102|0x00000000c6600000, 0x00000000c6700000, 0x00000000c6700000|100%| O|  |TAMS 0x00000000c6600000| PB 0x00000000c6600000| Untracked 
| 103|0x00000000c6700000, 0x00000000c6800000, 0x00000000c6800000|100%| O|  |TAMS 0x00000000c6700000| PB 0x00000000c6700000| Untracked 
| 104|0x00000000c6800000, 0x00000000c6900000, 0x00000000c6900000|100%|HS|  |TAMS 0x00000000c6800000| PB 0x00000000c6800000| Complete 
| 105|0x00000000c6900000, 0x00000000c6a00000, 0x00000000c6a00000|100%| O|  |TAMS 0x00000000c6900000| PB 0x00000000c6900000| Untracked 
| 106|0x00000000c6a00000, 0x00000000c6b00000, 0x00000000c6b00000|100%| O|  |TAMS 0x00000000c6a00000| PB 0x00000000c6a00000| Untracked 
| 107|0x00000000c6b00000, 0x00000000c6c00000, 0x00000000c6c00000|100%| O|  |TAMS 0x00000000c6b00000| PB 0x00000000c6b00000| Untracked 
| 108|0x00000000c6c00000, 0x00000000c6d00000, 0x00000000c6d00000|100%| O|  |TAMS 0x00000000c6c00000| PB 0x00000000c6c00000| Untracked 
| 109|0x00000000c6d00000, 0x00000000c6e00000, 0x00000000c6e00000|100%|HS|  |TAMS 0x00000000c6d00000| PB 0x00000000c6d00000| Complete 
| 110|0x00000000c6e00000, 0x00000000c6f00000, 0x00000000c6f00000|100%| O|  |TAMS 0x00000000c6e00000| PB 0x00000000c6e00000| Untracked 
| 111|0x00000000c6f00000, 0x00000000c7000000, 0x00000000c7000000|100%| O|  |TAMS 0x00000000c6f00000| PB 0x00000000c6f00000| Untracked 
| 112|0x00000000c7000000, 0x00000000c7100000, 0x00000000c7100000|100%| O|  |TAMS 0x00000000c7000000| PB 0x00000000c7000000| Untracked 
| 113|0x00000000c7100000, 0x00000000c7200000, 0x00000000c7200000|100%|HS|  |TAMS 0x00000000c7100000| PB 0x00000000c7100000| Complete 
| 114|0x00000000c7200000, 0x00000000c7300000, 0x00000000c7300000|100%| O|  |TAMS 0x00000000c7200000| PB 0x00000000c7200000| Untracked 
| 115|0x00000000c7300000, 0x00000000c7400000, 0x00000000c7400000|100%| O|  |TAMS 0x00000000c7300000| PB 0x00000000c7300000| Untracked 
| 116|0x00000000c7400000, 0x00000000c7500000, 0x00000000c7500000|100%| O|  |TAMS 0x00000000c7400000| PB 0x00000000c7400000| Untracked 
| 117|0x00000000c7500000, 0x00000000c7600000, 0x00000000c7600000|100%|HS|  |TAMS 0x00000000c7500000| PB 0x00000000c7500000| Complete 
| 118|0x00000000c7600000, 0x00000000c7700000, 0x00000000c7700000|100%|HS|  |TAMS 0x00000000c7600000| PB 0x00000000c7600000| Complete 
| 119|0x00000000c7700000, 0x00000000c7800000, 0x00000000c7800000|100%|HS|  |TAMS 0x00000000c7700000| PB 0x00000000c7700000| Complete 
| 120|0x00000000c7800000, 0x00000000c7900000, 0x00000000c7900000|100%| O|  |TAMS 0x00000000c7800000| PB 0x00000000c7800000| Untracked 
| 121|0x00000000c7900000, 0x00000000c7a00000, 0x00000000c7a00000|100%| O|  |TAMS 0x00000000c7900000| PB 0x00000000c7900000| Untracked 
| 122|0x00000000c7a00000, 0x00000000c7b00000, 0x00000000c7b00000|100%|HS|  |TAMS 0x00000000c7a00000| PB 0x00000000c7a00000| Complete 
| 123|0x00000000c7b00000, 0x00000000c7c00000, 0x00000000c7c00000|100%| O|  |TAMS 0x00000000c7b00000| PB 0x00000000c7b00000| Untracked 
| 124|0x00000000c7c00000, 0x00000000c7d00000, 0x00000000c7d00000|100%| O|  |TAMS 0x00000000c7c00000| PB 0x00000000c7c00000| Untracked 
| 125|0x00000000c7d00000, 0x00000000c7e00000, 0x00000000c7e00000|100%| O|  |TAMS 0x00000000c7d00000| PB 0x00000000c7d00000| Untracked 
| 126|0x00000000c7e00000, 0x00000000c7f00000, 0x00000000c7f00000|100%| O|  |TAMS 0x00000000c7e00000| PB 0x00000000c7e00000| Untracked 
| 127|0x00000000c7f00000, 0x00000000c8000000, 0x00000000c8000000|100%| O|  |TAMS 0x00000000c7f00000| PB 0x00000000c7f00000| Untracked 
| 128|0x00000000c8000000, 0x00000000c8100000, 0x00000000c8100000|100%| O|  |TAMS 0x00000000c8000000| PB 0x00000000c8000000| Untracked 
| 129|0x00000000c8100000, 0x00000000c8200000, 0x00000000c8200000|100%| O|  |TAMS 0x00000000c8100000| PB 0x00000000c8100000| Untracked 
| 130|0x00000000c8200000, 0x00000000c8300000, 0x00000000c8300000|100%|HS|  |TAMS 0x00000000c8200000| PB 0x00000000c8200000| Complete 
| 131|0x00000000c8300000, 0x00000000c8400000, 0x00000000c8400000|100%| O|  |TAMS 0x00000000c8300000| PB 0x00000000c8300000| Untracked 
| 132|0x00000000c8400000, 0x00000000c8500000, 0x00000000c8500000|100%| O|  |TAMS 0x00000000c8400000| PB 0x00000000c8400000| Untracked 
| 133|0x00000000c8500000, 0x00000000c8600000, 0x00000000c8600000|100%|HS|  |TAMS 0x00000000c8500000| PB 0x00000000c8500000| Complete 
| 134|0x00000000c8600000, 0x00000000c8700000, 0x00000000c8700000|100%| O|  |TAMS 0x00000000c8600000| PB 0x00000000c8600000| Untracked 
| 135|0x00000000c8700000, 0x00000000c8800000, 0x00000000c8800000|100%| O|  |TAMS 0x00000000c8700000| PB 0x00000000c8700000| Untracked 
| 136|0x00000000c8800000, 0x00000000c8900000, 0x00000000c8900000|100%| O|  |TAMS 0x00000000c8800000| PB 0x00000000c8800000| Untracked 
| 137|0x00000000c8900000, 0x00000000c8a00000, 0x00000000c8a00000|100%| O|  |TAMS 0x00000000c8900000| PB 0x00000000c8900000| Untracked 
| 138|0x00000000c8a00000, 0x00000000c8b00000, 0x00000000c8b00000|100%| O|  |TAMS 0x00000000c8a00000| PB 0x00000000c8a00000| Untracked 
| 139|0x00000000c8b00000, 0x00000000c8c00000, 0x00000000c8c00000|100%| O|  |TAMS 0x00000000c8b00000| PB 0x00000000c8b00000| Untracked 
| 140|0x00000000c8c00000, 0x00000000c8d00000, 0x00000000c8d00000|100%| O|  |TAMS 0x00000000c8c00000| PB 0x00000000c8c00000| Untracked 
| 141|0x00000000c8d00000, 0x00000000c8e00000, 0x00000000c8e00000|100%| O|  |TAMS 0x00000000c8d00000| PB 0x00000000c8d00000| Untracked 
| 142|0x00000000c8e00000, 0x00000000c8f00000, 0x00000000c8f00000|100%| O|  |TAMS 0x00000000c8e00000| PB 0x00000000c8e00000| Untracked 
| 143|0x00000000c8f00000, 0x00000000c9000000, 0x00000000c9000000|100%| O|  |TAMS 0x00000000c8f00000| PB 0x00000000c8f00000| Untracked 
| 144|0x00000000c9000000, 0x00000000c9100000, 0x00000000c9100000|100%| O|  |TAMS 0x00000000c9000000| PB 0x00000000c9000000| Untracked 
| 145|0x00000000c9100000, 0x00000000c9200000, 0x00000000c9200000|100%| O|  |TAMS 0x00000000c9100000| PB 0x00000000c9100000| Untracked 
| 146|0x00000000c9200000, 0x00000000c9300000, 0x00000000c9300000|100%| O|  |TAMS 0x00000000c9200000| PB 0x00000000c9200000| Untracked 
| 147|0x00000000c9300000, 0x00000000c9400000, 0x00000000c9400000|100%| O|  |TAMS 0x00000000c9300000| PB 0x00000000c9300000| Untracked 
| 148|0x00000000c9400000, 0x00000000c9500000, 0x00000000c9500000|100%| O|  |TAMS 0x00000000c9400000| PB 0x00000000c9400000| Untracked 
| 149|0x00000000c9500000, 0x00000000c9600000, 0x00000000c9600000|100%| O|  |TAMS 0x00000000c9500000| PB 0x00000000c9500000| Untracked 
| 150|0x00000000c9600000, 0x00000000c9700000, 0x00000000c9700000|100%| O|  |TAMS 0x00000000c9600000| PB 0x00000000c9600000| Untracked 
| 151|0x00000000c9700000, 0x00000000c9800000, 0x00000000c9800000|100%| O|  |TAMS 0x00000000c9700000| PB 0x00000000c9700000| Untracked 
| 152|0x00000000c9800000, 0x00000000c9900000, 0x00000000c9900000|100%| O|  |TAMS 0x00000000c9800000| PB 0x00000000c9800000| Untracked 
| 153|0x00000000c9900000, 0x00000000c9a00000, 0x00000000c9a00000|100%| O|  |TAMS 0x00000000c9900000| PB 0x00000000c9900000| Untracked 
| 154|0x00000000c9a00000, 0x00000000c9b00000, 0x00000000c9b00000|100%| O|  |TAMS 0x00000000c9a00000| PB 0x00000000c9a00000| Untracked 
| 155|0x00000000c9b00000, 0x00000000c9c00000, 0x00000000c9c00000|100%| O|  |TAMS 0x00000000c9b00000| PB 0x00000000c9b00000| Untracked 
| 156|0x00000000c9c00000, 0x00000000c9d00000, 0x00000000c9d00000|100%| O|  |TAMS 0x00000000c9c00000| PB 0x00000000c9c00000| Untracked 
| 157|0x00000000c9d00000, 0x00000000c9e00000, 0x00000000c9e00000|100%| O|  |TAMS 0x00000000c9d00000| PB 0x00000000c9d00000| Untracked 
| 158|0x00000000c9e00000, 0x00000000c9f00000, 0x00000000c9f00000|100%| O|  |TAMS 0x00000000c9e00000| PB 0x00000000c9e00000| Untracked 
| 159|0x00000000c9f00000, 0x00000000ca000000, 0x00000000ca000000|100%| O|  |TAMS 0x00000000c9f00000| PB 0x00000000c9f00000| Untracked 
| 160|0x00000000ca000000, 0x00000000ca100000, 0x00000000ca100000|100%| O|  |TAMS 0x00000000ca000000| PB 0x00000000ca000000| Untracked 
| 161|0x00000000ca100000, 0x00000000ca200000, 0x00000000ca200000|100%| O|  |TAMS 0x00000000ca100000| PB 0x00000000ca100000| Untracked 
| 162|0x00000000ca200000, 0x00000000ca300000, 0x00000000ca300000|100%| O|  |TAMS 0x00000000ca200000| PB 0x00000000ca200000| Untracked 
| 163|0x00000000ca300000, 0x00000000ca400000, 0x00000000ca400000|100%|HS|  |TAMS 0x00000000ca300000| PB 0x00000000ca300000| Complete 
| 164|0x00000000ca400000, 0x00000000ca500000, 0x00000000ca500000|100%| O|  |TAMS 0x00000000ca400000| PB 0x00000000ca400000| Untracked 
| 165|0x00000000ca500000, 0x00000000ca600000, 0x00000000ca600000|100%| O|  |TAMS 0x00000000ca500000| PB 0x00000000ca500000| Untracked 
| 166|0x00000000ca600000, 0x00000000ca700000, 0x00000000ca700000|100%|HS|  |TAMS 0x00000000ca600000| PB 0x00000000ca600000| Complete 
| 167|0x00000000ca700000, 0x00000000ca800000, 0x00000000ca800000|100%|HS|  |TAMS 0x00000000ca700000| PB 0x00000000ca700000| Complete 
| 168|0x00000000ca800000, 0x00000000ca900000, 0x00000000ca900000|100%|HS|  |TAMS 0x00000000ca800000| PB 0x00000000ca800000| Complete 
| 169|0x00000000ca900000, 0x00000000caa00000, 0x00000000caa00000|100%| O|  |TAMS 0x00000000ca900000| PB 0x00000000ca900000| Untracked 
| 170|0x00000000caa00000, 0x00000000cab00000, 0x00000000cab00000|100%|HS|  |TAMS 0x00000000caa00000| PB 0x00000000caa00000| Complete 
| 171|0x00000000cab00000, 0x00000000cac00000, 0x00000000cac00000|100%| O|  |TAMS 0x00000000cab00000| PB 0x00000000cab00000| Untracked 
| 172|0x00000000cac00000, 0x00000000cad00000, 0x00000000cad00000|100%|HS|  |TAMS 0x00000000cac00000| PB 0x00000000cac00000| Complete 
| 173|0x00000000cad00000, 0x00000000cae00000, 0x00000000cae00000|100%|HS|  |TAMS 0x00000000cad00000| PB 0x00000000cad00000| Complete 
| 174|0x00000000cae00000, 0x00000000caf00000, 0x00000000caf00000|100%|HS|  |TAMS 0x00000000cae00000| PB 0x00000000cae00000| Complete 
| 175|0x00000000caf00000, 0x00000000cb000000, 0x00000000cb000000|100%| O|  |TAMS 0x00000000caf00000| PB 0x00000000caf00000| Untracked 
| 176|0x00000000cb000000, 0x00000000cb100000, 0x00000000cb100000|100%|HS|  |TAMS 0x00000000cb000000| PB 0x00000000cb000000| Complete 
| 177|0x00000000cb100000, 0x00000000cb200000, 0x00000000cb200000|100%| O|  |TAMS 0x00000000cb100000| PB 0x00000000cb100000| Untracked 
| 178|0x00000000cb200000, 0x00000000cb300000, 0x00000000cb300000|100%|HS|  |TAMS 0x00000000cb200000| PB 0x00000000cb200000| Complete 
| 179|0x00000000cb300000, 0x00000000cb400000, 0x00000000cb400000|100%|HS|  |TAMS 0x00000000cb300000| PB 0x00000000cb300000| Complete 
| 180|0x00000000cb400000, 0x00000000cb500000, 0x00000000cb500000|100%| O|  |TAMS 0x00000000cb400000| PB 0x00000000cb400000| Untracked 
| 181|0x00000000cb500000, 0x00000000cb600000, 0x00000000cb600000|100%| O|  |TAMS 0x00000000cb500000| PB 0x00000000cb500000| Untracked 
| 182|0x00000000cb600000, 0x00000000cb700000, 0x00000000cb700000|100%|HS|  |TAMS 0x00000000cb600000| PB 0x00000000cb600000| Complete 
| 183|0x00000000cb700000, 0x00000000cb800000, 0x00000000cb800000|100%| O|  |TAMS 0x00000000cb700000| PB 0x00000000cb700000| Untracked 
| 184|0x00000000cb800000, 0x00000000cb900000, 0x00000000cb900000|100%| O|  |TAMS 0x00000000cb800000| PB 0x00000000cb800000| Untracked 
| 185|0x00000000cb900000, 0x00000000cba00000, 0x00000000cba00000|100%| O|  |TAMS 0x00000000cb900000| PB 0x00000000cb900000| Untracked 
| 186|0x00000000cba00000, 0x00000000cbb00000, 0x00000000cbb00000|100%| O|  |TAMS 0x00000000cba00000| PB 0x00000000cba00000| Untracked 
| 187|0x00000000cbb00000, 0x00000000cbc00000, 0x00000000cbc00000|100%| O|  |TAMS 0x00000000cbb00000| PB 0x00000000cbb00000| Untracked 
| 188|0x00000000cbc00000, 0x00000000cbd00000, 0x00000000cbd00000|100%|HS|  |TAMS 0x00000000cbc00000| PB 0x00000000cbc00000| Complete 
| 189|0x00000000cbd00000, 0x00000000cbe00000, 0x00000000cbe00000|100%| O|  |TAMS 0x00000000cbd00000| PB 0x00000000cbd00000| Untracked 
| 190|0x00000000cbe00000, 0x00000000cbf00000, 0x00000000cbf00000|100%| O|  |TAMS 0x00000000cbe00000| PB 0x00000000cbe00000| Untracked 
| 191|0x00000000cbf00000, 0x00000000cc000000, 0x00000000cc000000|100%| O|  |TAMS 0x00000000cbf00000| PB 0x00000000cbf00000| Untracked 
| 192|0x00000000cc000000, 0x00000000cc100000, 0x00000000cc100000|100%| O|  |TAMS 0x00000000cc000000| PB 0x00000000cc000000| Untracked 
| 193|0x00000000cc100000, 0x00000000cc200000, 0x00000000cc200000|100%| O|  |TAMS 0x00000000cc100000| PB 0x00000000cc100000| Untracked 
| 194|0x00000000cc200000, 0x00000000cc300000, 0x00000000cc300000|100%| O|  |TAMS 0x00000000cc200000| PB 0x00000000cc200000| Untracked 
| 195|0x00000000cc300000, 0x00000000cc400000, 0x00000000cc400000|100%| O|  |TAMS 0x00000000cc300000| PB 0x00000000cc300000| Untracked 
| 196|0x00000000cc400000, 0x00000000cc500000, 0x00000000cc500000|100%| O|  |TAMS 0x00000000cc400000| PB 0x00000000cc400000| Untracked 
| 197|0x00000000cc500000, 0x00000000cc600000, 0x00000000cc600000|100%| O|  |TAMS 0x00000000cc500000| PB 0x00000000cc500000| Untracked 
| 198|0x00000000cc600000, 0x00000000cc700000, 0x00000000cc700000|100%| O|  |TAMS 0x00000000cc600000| PB 0x00000000cc600000| Untracked 
| 199|0x00000000cc700000, 0x00000000cc800000, 0x00000000cc800000|100%| O|  |TAMS 0x00000000cc700000| PB 0x00000000cc700000| Untracked 
| 200|0x00000000cc800000, 0x00000000cc900000, 0x00000000cc900000|100%| O|  |TAMS 0x00000000cc800000| PB 0x00000000cc800000| Untracked 
| 201|0x00000000cc900000, 0x00000000cca00000, 0x00000000cca00000|100%| O|  |TAMS 0x00000000cc900000| PB 0x00000000cc900000| Untracked 
| 202|0x00000000cca00000, 0x00000000ccb00000, 0x00000000ccb00000|100%|HS|  |TAMS 0x00000000cca00000| PB 0x00000000cca00000| Complete 
| 203|0x00000000ccb00000, 0x00000000ccc00000, 0x00000000ccc00000|100%| O|  |TAMS 0x00000000ccb00000| PB 0x00000000ccb00000| Untracked 
| 204|0x00000000ccc00000, 0x00000000ccd00000, 0x00000000ccd00000|100%|HS|  |TAMS 0x00000000ccc00000| PB 0x00000000ccc00000| Complete 
| 205|0x00000000ccd00000, 0x00000000cce00000, 0x00000000cce00000|100%|HS|  |TAMS 0x00000000ccd00000| PB 0x00000000ccd00000| Complete 
| 206|0x00000000cce00000, 0x00000000ccf00000, 0x00000000ccf00000|100%| O|  |TAMS 0x00000000cce00000| PB 0x00000000cce00000| Untracked 
| 207|0x00000000ccf00000, 0x00000000cd000000, 0x00000000cd000000|100%| O|  |TAMS 0x00000000ccf00000| PB 0x00000000ccf00000| Untracked 
| 208|0x00000000cd000000, 0x00000000cd100000, 0x00000000cd100000|100%| O|  |TAMS 0x00000000cd000000| PB 0x00000000cd000000| Untracked 
| 209|0x00000000cd100000, 0x00000000cd200000, 0x00000000cd200000|100%| O|  |TAMS 0x00000000cd100000| PB 0x00000000cd100000| Untracked 
| 210|0x00000000cd200000, 0x00000000cd300000, 0x00000000cd300000|100%| O|  |TAMS 0x00000000cd200000| PB 0x00000000cd200000| Untracked 
| 211|0x00000000cd300000, 0x00000000cd400000, 0x00000000cd400000|100%| O|  |TAMS 0x00000000cd300000| PB 0x00000000cd300000| Untracked 
| 212|0x00000000cd400000, 0x00000000cd500000, 0x00000000cd500000|100%| O|  |TAMS 0x00000000cd400000| PB 0x00000000cd400000| Untracked 
| 213|0x00000000cd500000, 0x00000000cd600000, 0x00000000cd600000|100%| O|  |TAMS 0x00000000cd500000| PB 0x00000000cd500000| Untracked 
| 214|0x00000000cd600000, 0x00000000cd700000, 0x00000000cd700000|100%| O|  |TAMS 0x00000000cd600000| PB 0x00000000cd600000| Untracked 
| 215|0x00000000cd700000, 0x00000000cd800000, 0x00000000cd800000|100%| O|  |TAMS 0x00000000cd700000| PB 0x00000000cd700000| Untracked 
| 216|0x00000000cd800000, 0x00000000cd900000, 0x00000000cd900000|100%| O|  |TAMS 0x00000000cd800000| PB 0x00000000cd800000| Untracked 
| 217|0x00000000cd900000, 0x00000000cda00000, 0x00000000cda00000|100%| O|  |TAMS 0x00000000cd900000| PB 0x00000000cd900000| Untracked 
| 218|0x00000000cda00000, 0x00000000cdb00000, 0x00000000cdb00000|100%| O|  |TAMS 0x00000000cda00000| PB 0x00000000cda00000| Untracked 
| 219|0x00000000cdb00000, 0x00000000cdc00000, 0x00000000cdc00000|100%| O|  |TAMS 0x00000000cdb00000| PB 0x00000000cdb00000| Untracked 
| 220|0x00000000cdc00000, 0x00000000cdd00000, 0x00000000cdd00000|100%|HS|  |TAMS 0x00000000cdc00000| PB 0x00000000cdc00000| Complete 
| 221|0x00000000cdd00000, 0x00000000cde00000, 0x00000000cde00000|100%| O|  |TAMS 0x00000000cdd00000| PB 0x00000000cdd00000| Untracked 
| 222|0x00000000cde00000, 0x00000000cdf00000, 0x00000000cdf00000|100%| O|  |TAMS 0x00000000cde00000| PB 0x00000000cde00000| Untracked 
| 223|0x00000000cdf00000, 0x00000000ce000000, 0x00000000ce000000|100%|HS|  |TAMS 0x00000000cdf00000| PB 0x00000000cdf00000| Complete 
| 224|0x00000000ce000000, 0x00000000ce100000, 0x00000000ce100000|100%| O|  |TAMS 0x00000000ce000000| PB 0x00000000ce000000| Untracked 
| 225|0x00000000ce100000, 0x00000000ce200000, 0x00000000ce200000|100%| O|  |TAMS 0x00000000ce100000| PB 0x00000000ce100000| Untracked 
| 226|0x00000000ce200000, 0x00000000ce300000, 0x00000000ce300000|100%| O|  |TAMS 0x00000000ce200000| PB 0x00000000ce200000| Untracked 
| 227|0x00000000ce300000, 0x00000000ce400000, 0x00000000ce400000|100%| O|  |TAMS 0x00000000ce300000| PB 0x00000000ce300000| Untracked 
| 228|0x00000000ce400000, 0x00000000ce500000, 0x00000000ce500000|100%| O|  |TAMS 0x00000000ce400000| PB 0x00000000ce400000| Untracked 
| 229|0x00000000ce500000, 0x00000000ce600000, 0x00000000ce600000|100%| O|  |TAMS 0x00000000ce500000| PB 0x00000000ce500000| Untracked 
| 230|0x00000000ce600000, 0x00000000ce700000, 0x00000000ce700000|100%| O|  |TAMS 0x00000000ce600000| PB 0x00000000ce600000| Untracked 
| 231|0x00000000ce700000, 0x00000000ce800000, 0x00000000ce800000|100%| O|  |TAMS 0x00000000ce700000| PB 0x00000000ce700000| Untracked 
| 232|0x00000000ce800000, 0x00000000ce900000, 0x00000000ce900000|100%| O|  |TAMS 0x00000000ce800000| PB 0x00000000ce800000| Untracked 
| 233|0x00000000ce900000, 0x00000000cea00000, 0x00000000cea00000|100%| O|  |TAMS 0x00000000ce900000| PB 0x00000000ce900000| Untracked 
| 234|0x00000000cea00000, 0x00000000ceb00000, 0x00000000ceb00000|100%| O|  |TAMS 0x00000000cea00000| PB 0x00000000cea00000| Untracked 
| 235|0x00000000ceb00000, 0x00000000cec00000, 0x00000000cec00000|100%| O|  |TAMS 0x00000000ceb00000| PB 0x00000000ceb00000| Untracked 
| 236|0x00000000cec00000, 0x00000000ced00000, 0x00000000ced00000|100%|HS|  |TAMS 0x00000000cec00000| PB 0x00000000cec00000| Complete 
| 237|0x00000000ced00000, 0x00000000cee00000, 0x00000000cee00000|100%|HS|  |TAMS 0x00000000ced00000| PB 0x00000000ced00000| Complete 
| 238|0x00000000cee00000, 0x00000000cef00000, 0x00000000cef00000|100%| O|  |TAMS 0x00000000cee00000| PB 0x00000000cee00000| Untracked 
| 239|0x00000000cef00000, 0x00000000cf000000, 0x00000000cf000000|100%| O|  |TAMS 0x00000000cef00000| PB 0x00000000cef00000| Untracked 
| 240|0x00000000cf000000, 0x00000000cf100000, 0x00000000cf100000|100%| O|  |TAMS 0x00000000cf000000| PB 0x00000000cf000000| Untracked 
| 241|0x00000000cf100000, 0x00000000cf200000, 0x00000000cf200000|100%| O|  |TAMS 0x00000000cf100000| PB 0x00000000cf100000| Untracked 
| 242|0x00000000cf200000, 0x00000000cf300000, 0x00000000cf300000|100%|HS|  |TAMS 0x00000000cf200000| PB 0x00000000cf200000| Complete 
| 243|0x00000000cf300000, 0x00000000cf400000, 0x00000000cf400000|100%| O|  |TAMS 0x00000000cf300000| PB 0x00000000cf300000| Untracked 
| 244|0x00000000cf400000, 0x00000000cf500000, 0x00000000cf500000|100%| O|  |TAMS 0x00000000cf400000| PB 0x00000000cf400000| Untracked 
| 245|0x00000000cf500000, 0x00000000cf600000, 0x00000000cf600000|100%|HS|  |TAMS 0x00000000cf500000| PB 0x00000000cf500000| Complete 
| 246|0x00000000cf600000, 0x00000000cf700000, 0x00000000cf700000|100%| O|  |TAMS 0x00000000cf600000| PB 0x00000000cf600000| Untracked 
| 247|0x00000000cf700000, 0x00000000cf800000, 0x00000000cf800000|100%| O|  |TAMS 0x00000000cf700000| PB 0x00000000cf700000| Untracked 
| 248|0x00000000cf800000, 0x00000000cf900000, 0x00000000cf900000|100%| O|  |TAMS 0x00000000cf800000| PB 0x00000000cf800000| Untracked 
| 249|0x00000000cf900000, 0x00000000cfa00000, 0x00000000cfa00000|100%| O|  |TAMS 0x00000000cf900000| PB 0x00000000cf900000| Untracked 
| 250|0x00000000cfa00000, 0x00000000cfb00000, 0x00000000cfb00000|100%|HS|  |TAMS 0x00000000cfa00000| PB 0x00000000cfa00000| Complete 
| 251|0x00000000cfb00000, 0x00000000cfc00000, 0x00000000cfc00000|100%| O|  |TAMS 0x00000000cfb00000| PB 0x00000000cfb00000| Untracked 
| 252|0x00000000cfc00000, 0x00000000cfd00000, 0x00000000cfd00000|100%| O|  |TAMS 0x00000000cfc00000| PB 0x00000000cfc00000| Untracked 
| 253|0x00000000cfd00000, 0x00000000cfe00000, 0x00000000cfe00000|100%| O|  |TAMS 0x00000000cfd00000| PB 0x00000000cfd00000| Untracked 
| 254|0x00000000cfe00000, 0x00000000cff00000, 0x00000000cff00000|100%| O|  |TAMS 0x00000000cfe00000| PB 0x00000000cfe00000| Untracked 
| 255|0x00000000cff00000, 0x00000000d0000000, 0x00000000d0000000|100%| O|  |TAMS 0x00000000cff00000| PB 0x00000000cff00000| Untracked 
| 256|0x00000000d0000000, 0x00000000d0100000, 0x00000000d0100000|100%| O|  |TAMS 0x00000000d0000000| PB 0x00000000d0000000| Untracked 
| 257|0x00000000d0100000, 0x00000000d0200000, 0x00000000d0200000|100%| O|  |TAMS 0x00000000d0100000| PB 0x00000000d0100000| Untracked 
| 258|0x00000000d0200000, 0x00000000d0300000, 0x00000000d0300000|100%| O|  |TAMS 0x00000000d0200000| PB 0x00000000d0200000| Untracked 
| 259|0x00000000d0300000, 0x00000000d0400000, 0x00000000d0400000|100%| O|  |TAMS 0x00000000d0300000| PB 0x00000000d0300000| Untracked 
| 260|0x00000000d0400000, 0x00000000d0500000, 0x00000000d0500000|100%| O|  |TAMS 0x00000000d0400000| PB 0x00000000d0400000| Untracked 
| 261|0x00000000d0500000, 0x00000000d0600000, 0x00000000d0600000|100%| O|  |TAMS 0x00000000d0500000| PB 0x00000000d0500000| Untracked 
| 262|0x00000000d0600000, 0x00000000d0700000, 0x00000000d0700000|100%| O|  |TAMS 0x00000000d0600000| PB 0x00000000d0600000| Untracked 
| 263|0x00000000d0700000, 0x00000000d0800000, 0x00000000d0800000|100%| O|  |TAMS 0x00000000d0700000| PB 0x00000000d0700000| Untracked 
| 264|0x00000000d0800000, 0x00000000d0900000, 0x00000000d0900000|100%| O|  |TAMS 0x00000000d0800000| PB 0x00000000d0800000| Untracked 
| 265|0x00000000d0900000, 0x00000000d0a00000, 0x00000000d0a00000|100%| O|  |TAMS 0x00000000d0900000| PB 0x00000000d0900000| Untracked 
| 266|0x00000000d0a00000, 0x00000000d0b00000, 0x00000000d0b00000|100%| O|  |TAMS 0x00000000d0a00000| PB 0x00000000d0a00000| Untracked 
| 267|0x00000000d0b00000, 0x00000000d0c00000, 0x00000000d0c00000|100%|HS|  |TAMS 0x00000000d0b00000| PB 0x00000000d0b00000| Complete 
| 268|0x00000000d0c00000, 0x00000000d0d00000, 0x00000000d0d00000|100%| O|  |TAMS 0x00000000d0c00000| PB 0x00000000d0c00000| Untracked 
| 269|0x00000000d0d00000, 0x00000000d0e00000, 0x00000000d0e00000|100%| O|  |TAMS 0x00000000d0d00000| PB 0x00000000d0d00000| Untracked 
| 270|0x00000000d0e00000, 0x00000000d0f00000, 0x00000000d0f00000|100%| O|  |TAMS 0x00000000d0e00000| PB 0x00000000d0e00000| Untracked 
| 271|0x00000000d0f00000, 0x00000000d1000000, 0x00000000d1000000|100%| O|  |TAMS 0x00000000d0f00000| PB 0x00000000d0f00000| Untracked 
| 272|0x00000000d1000000, 0x00000000d1100000, 0x00000000d1100000|100%| O|  |TAMS 0x00000000d1000000| PB 0x00000000d1000000| Untracked 
| 273|0x00000000d1100000, 0x00000000d1200000, 0x00000000d1200000|100%| O|  |TAMS 0x00000000d1100000| PB 0x00000000d1100000| Untracked 
| 274|0x00000000d1200000, 0x00000000d1300000, 0x00000000d1300000|100%| O|  |TAMS 0x00000000d1200000| PB 0x00000000d1200000| Untracked 
| 275|0x00000000d1300000, 0x00000000d1400000, 0x00000000d1400000|100%| O|  |TAMS 0x00000000d1300000| PB 0x00000000d1300000| Untracked 
| 276|0x00000000d1400000, 0x00000000d1500000, 0x00000000d1500000|100%| O|  |TAMS 0x00000000d1400000| PB 0x00000000d1400000| Untracked 
| 277|0x00000000d1500000, 0x00000000d1600000, 0x00000000d1600000|100%| O|  |TAMS 0x00000000d1500000| PB 0x00000000d1500000| Untracked 
| 278|0x00000000d1600000, 0x00000000d1700000, 0x00000000d1700000|100%| O|  |TAMS 0x00000000d1600000| PB 0x00000000d1600000| Untracked 
| 279|0x00000000d1700000, 0x00000000d1800000, 0x00000000d1800000|100%| O|  |TAMS 0x00000000d1700000| PB 0x00000000d1700000| Untracked 
| 280|0x00000000d1800000, 0x00000000d1900000, 0x00000000d1900000|100%| O|  |TAMS 0x00000000d1800000| PB 0x00000000d1800000| Untracked 
| 281|0x00000000d1900000, 0x00000000d1a00000, 0x00000000d1a00000|100%|HS|  |TAMS 0x00000000d1900000| PB 0x00000000d1900000| Complete 
| 282|0x00000000d1a00000, 0x00000000d1b00000, 0x00000000d1b00000|100%|HS|  |TAMS 0x00000000d1a00000| PB 0x00000000d1a00000| Complete 
| 283|0x00000000d1b00000, 0x00000000d1c00000, 0x00000000d1c00000|100%| O|  |TAMS 0x00000000d1b00000| PB 0x00000000d1b00000| Untracked 
| 284|0x00000000d1c00000, 0x00000000d1d00000, 0x00000000d1d00000|100%|HS|  |TAMS 0x00000000d1c00000| PB 0x00000000d1c00000| Complete 
| 285|0x00000000d1d00000, 0x00000000d1e00000, 0x00000000d1e00000|100%| O|  |TAMS 0x00000000d1d00000| PB 0x00000000d1d00000| Untracked 
| 286|0x00000000d1e00000, 0x00000000d1f00000, 0x00000000d1f00000|100%| O|  |TAMS 0x00000000d1e00000| PB 0x00000000d1e00000| Untracked 
| 287|0x00000000d1f00000, 0x00000000d2000000, 0x00000000d2000000|100%| O|  |TAMS 0x00000000d1f00000| PB 0x00000000d1f00000| Untracked 
| 288|0x00000000d2000000, 0x00000000d2100000, 0x00000000d2100000|100%| O|  |TAMS 0x00000000d2000000| PB 0x00000000d2000000| Untracked 
| 289|0x00000000d2100000, 0x00000000d2200000, 0x00000000d2200000|100%| O|  |TAMS 0x00000000d2100000| PB 0x00000000d2100000| Untracked 
| 290|0x00000000d2200000, 0x00000000d2300000, 0x00000000d2300000|100%| O|  |TAMS 0x00000000d2200000| PB 0x00000000d2200000| Untracked 
| 291|0x00000000d2300000, 0x00000000d2400000, 0x00000000d2400000|100%| O|  |TAMS 0x00000000d2300000| PB 0x00000000d2300000| Untracked 
| 292|0x00000000d2400000, 0x00000000d2500000, 0x00000000d2500000|100%| O|  |TAMS 0x00000000d2400000| PB 0x00000000d2400000| Untracked 
| 293|0x00000000d2500000, 0x00000000d2600000, 0x00000000d2600000|100%| O|  |TAMS 0x00000000d2500000| PB 0x00000000d2500000| Untracked 
| 294|0x00000000d2600000, 0x00000000d2700000, 0x00000000d2700000|100%| O|  |TAMS 0x00000000d2600000| PB 0x00000000d2600000| Untracked 
| 295|0x00000000d2700000, 0x00000000d2800000, 0x00000000d2800000|100%| O|  |TAMS 0x00000000d2700000| PB 0x00000000d2700000| Untracked 
| 296|0x00000000d2800000, 0x00000000d2900000, 0x00000000d2900000|100%| O|  |TAMS 0x00000000d2800000| PB 0x00000000d2800000| Untracked 
| 297|0x00000000d2900000, 0x00000000d2a00000, 0x00000000d2a00000|100%|HS|  |TAMS 0x00000000d2900000| PB 0x00000000d2900000| Complete 
| 298|0x00000000d2a00000, 0x00000000d2b00000, 0x00000000d2b00000|100%| O|  |TAMS 0x00000000d2a00000| PB 0x00000000d2a00000| Untracked 
| 299|0x00000000d2b00000, 0x00000000d2c00000, 0x00000000d2c00000|100%| O|  |TAMS 0x00000000d2b00000| PB 0x00000000d2b00000| Untracked 
| 300|0x00000000d2c00000, 0x00000000d2d00000, 0x00000000d2d00000|100%| O|  |TAMS 0x00000000d2c00000| PB 0x00000000d2c00000| Untracked 
| 301|0x00000000d2d00000, 0x00000000d2e00000, 0x00000000d2e00000|100%| O|  |TAMS 0x00000000d2d00000| PB 0x00000000d2d00000| Untracked 
| 302|0x00000000d2e00000, 0x00000000d2f00000, 0x00000000d2f00000|100%| O|  |TAMS 0x00000000d2e00000| PB 0x00000000d2e00000| Untracked 
| 303|0x00000000d2f00000, 0x00000000d3000000, 0x00000000d3000000|100%| O|  |TAMS 0x00000000d2f00000| PB 0x00000000d2f00000| Untracked 
| 304|0x00000000d3000000, 0x00000000d3100000, 0x00000000d3100000|100%| O|  |TAMS 0x00000000d3000000| PB 0x00000000d3000000| Untracked 
| 305|0x00000000d3100000, 0x00000000d3200000, 0x00000000d3200000|100%| O|  |TAMS 0x00000000d3100000| PB 0x00000000d3100000| Untracked 
| 306|0x00000000d3200000, 0x00000000d3300000, 0x00000000d3300000|100%| O|  |TAMS 0x00000000d3200000| PB 0x00000000d3200000| Untracked 
| 307|0x00000000d3300000, 0x00000000d3400000, 0x00000000d3400000|100%| O|  |TAMS 0x00000000d3300000| PB 0x00000000d3300000| Untracked 
| 308|0x00000000d3400000, 0x00000000d3500000, 0x00000000d3500000|100%| O|  |TAMS 0x00000000d3400000| PB 0x00000000d3400000| Untracked 
| 309|0x00000000d3500000, 0x00000000d3600000, 0x00000000d3600000|100%| O|  |TAMS 0x00000000d3500000| PB 0x00000000d3500000| Untracked 
| 310|0x00000000d3600000, 0x00000000d3700000, 0x00000000d3700000|100%| O|  |TAMS 0x00000000d3600000| PB 0x00000000d3600000| Untracked 
| 311|0x00000000d3700000, 0x00000000d3800000, 0x00000000d3800000|100%| O|  |TAMS 0x00000000d3700000| PB 0x00000000d3700000| Untracked 
| 312|0x00000000d3800000, 0x00000000d3900000, 0x00000000d3900000|100%| O|  |TAMS 0x00000000d3800000| PB 0x00000000d3800000| Untracked 
| 313|0x00000000d3900000, 0x00000000d3a00000, 0x00000000d3a00000|100%| O|  |TAMS 0x00000000d3900000| PB 0x00000000d3900000| Untracked 
| 314|0x00000000d3a00000, 0x00000000d3b00000, 0x00000000d3b00000|100%| O|  |TAMS 0x00000000d3a00000| PB 0x00000000d3a00000| Untracked 
| 315|0x00000000d3b00000, 0x00000000d3c00000, 0x00000000d3c00000|100%| O|  |TAMS 0x00000000d3b00000| PB 0x00000000d3b00000| Untracked 
| 316|0x00000000d3c00000, 0x00000000d3d00000, 0x00000000d3d00000|100%| O|  |TAMS 0x00000000d3c00000| PB 0x00000000d3c00000| Untracked 
| 317|0x00000000d3d00000, 0x00000000d3e00000, 0x00000000d3e00000|100%| O|  |TAMS 0x00000000d3d00000| PB 0x00000000d3d00000| Untracked 
| 318|0x00000000d3e00000, 0x00000000d3f00000, 0x00000000d3f00000|100%| O|  |TAMS 0x00000000d3e00000| PB 0x00000000d3e00000| Untracked 
| 319|0x00000000d3f00000, 0x00000000d4000000, 0x00000000d4000000|100%| O|  |TAMS 0x00000000d3f00000| PB 0x00000000d3f00000| Untracked 
| 320|0x00000000d4000000, 0x00000000d4100000, 0x00000000d4100000|100%| O|  |TAMS 0x00000000d4000000| PB 0x00000000d4000000| Untracked 
| 321|0x00000000d4100000, 0x00000000d4200000, 0x00000000d4200000|100%| O|  |TAMS 0x00000000d4100000| PB 0x00000000d4100000| Untracked 
| 322|0x00000000d4200000, 0x00000000d4300000, 0x00000000d4300000|100%| O|  |TAMS 0x00000000d4200000| PB 0x00000000d4200000| Untracked 
| 323|0x00000000d4300000, 0x00000000d4400000, 0x00000000d4400000|100%| O|  |TAMS 0x00000000d4300000| PB 0x00000000d4300000| Untracked 
| 324|0x00000000d4400000, 0x00000000d4500000, 0x00000000d4500000|100%| O|  |TAMS 0x00000000d4400000| PB 0x00000000d4400000| Untracked 
| 325|0x00000000d4500000, 0x00000000d4600000, 0x00000000d4600000|100%| O|  |TAMS 0x00000000d4500000| PB 0x00000000d4500000| Untracked 
| 326|0x00000000d4600000, 0x00000000d4700000, 0x00000000d4700000|100%| O|  |TAMS 0x00000000d4600000| PB 0x00000000d4600000| Untracked 
| 327|0x00000000d4700000, 0x00000000d4800000, 0x00000000d4800000|100%| O|  |TAMS 0x00000000d4700000| PB 0x00000000d4700000| Untracked 
| 328|0x00000000d4800000, 0x00000000d4900000, 0x00000000d4900000|100%| O|  |TAMS 0x00000000d4800000| PB 0x00000000d4800000| Untracked 
| 329|0x00000000d4900000, 0x00000000d4a00000, 0x00000000d4a00000|100%| O|  |TAMS 0x00000000d4900000| PB 0x00000000d4900000| Untracked 
| 330|0x00000000d4a00000, 0x00000000d4b00000, 0x00000000d4b00000|100%|HS|  |TAMS 0x00000000d4a00000| PB 0x00000000d4a00000| Complete 
| 331|0x00000000d4b00000, 0x00000000d4c00000, 0x00000000d4c00000|100%| O|  |TAMS 0x00000000d4b00000| PB 0x00000000d4b00000| Untracked 
| 332|0x00000000d4c00000, 0x00000000d4d00000, 0x00000000d4d00000|100%| O|  |TAMS 0x00000000d4c00000| PB 0x00000000d4c00000| Untracked 
| 333|0x00000000d4d00000, 0x00000000d4e00000, 0x00000000d4e00000|100%| O|  |TAMS 0x00000000d4d00000| PB 0x00000000d4d00000| Untracked 
| 334|0x00000000d4e00000, 0x00000000d4f00000, 0x00000000d4f00000|100%| O|  |TAMS 0x00000000d4e00000| PB 0x00000000d4e00000| Untracked 
| 335|0x00000000d4f00000, 0x00000000d5000000, 0x00000000d5000000|100%| O|  |TAMS 0x00000000d4f00000| PB 0x00000000d4f00000| Untracked 
| 336|0x00000000d5000000, 0x00000000d5100000, 0x00000000d5100000|100%| O|  |TAMS 0x00000000d5000000| PB 0x00000000d5000000| Untracked 
| 337|0x00000000d5100000, 0x00000000d5200000, 0x00000000d5200000|100%| O|  |TAMS 0x00000000d5100000| PB 0x00000000d5100000| Untracked 
| 338|0x00000000d5200000, 0x00000000d5300000, 0x00000000d5300000|100%| O|  |TAMS 0x00000000d5200000| PB 0x00000000d5200000| Untracked 
| 339|0x00000000d5300000, 0x00000000d5400000, 0x00000000d5400000|100%| O|  |TAMS 0x00000000d5300000| PB 0x00000000d5300000| Untracked 
| 340|0x00000000d5400000, 0x00000000d5500000, 0x00000000d5500000|100%| O|  |TAMS 0x00000000d5400000| PB 0x00000000d5400000| Untracked 
| 341|0x00000000d5500000, 0x00000000d5600000, 0x00000000d5600000|100%| O|  |TAMS 0x00000000d5500000| PB 0x00000000d5500000| Untracked 
| 342|0x00000000d5600000, 0x00000000d5700000, 0x00000000d5700000|100%| O|  |TAMS 0x00000000d5600000| PB 0x00000000d5600000| Untracked 
| 343|0x00000000d5700000, 0x00000000d5800000, 0x00000000d5800000|100%| O|  |TAMS 0x00000000d5700000| PB 0x00000000d5700000| Untracked 
| 344|0x00000000d5800000, 0x00000000d5900000, 0x00000000d5900000|100%| O|  |TAMS 0x00000000d5800000| PB 0x00000000d5800000| Untracked 
| 345|0x00000000d5900000, 0x00000000d5a00000, 0x00000000d5a00000|100%| O|  |TAMS 0x00000000d5900000| PB 0x00000000d5900000| Untracked 
| 346|0x00000000d5a00000, 0x00000000d5b00000, 0x00000000d5b00000|100%| O|  |TAMS 0x00000000d5a00000| PB 0x00000000d5a00000| Untracked 
| 347|0x00000000d5b00000, 0x00000000d5c00000, 0x00000000d5c00000|100%| O|  |TAMS 0x00000000d5b00000| PB 0x00000000d5b00000| Untracked 
| 348|0x00000000d5c00000, 0x00000000d5d00000, 0x00000000d5d00000|100%| O|  |TAMS 0x00000000d5c00000| PB 0x00000000d5c00000| Untracked 
| 349|0x00000000d5d00000, 0x00000000d5e00000, 0x00000000d5e00000|100%| O|  |TAMS 0x00000000d5d00000| PB 0x00000000d5d00000| Untracked 
| 350|0x00000000d5e00000, 0x00000000d5f00000, 0x00000000d5f00000|100%| O|  |TAMS 0x00000000d5e00000| PB 0x00000000d5e00000| Untracked 
| 351|0x00000000d5f00000, 0x00000000d6000000, 0x00000000d6000000|100%| O|  |TAMS 0x00000000d5f00000| PB 0x00000000d5f00000| Untracked 
| 352|0x00000000d6000000, 0x00000000d6100000, 0x00000000d6100000|100%| O|  |TAMS 0x00000000d6000000| PB 0x00000000d6000000| Untracked 
| 353|0x00000000d6100000, 0x00000000d6200000, 0x00000000d6200000|100%| O|  |TAMS 0x00000000d6100000| PB 0x00000000d6100000| Untracked 
| 354|0x00000000d6200000, 0x00000000d6300000, 0x00000000d6300000|100%| O|  |TAMS 0x00000000d6200000| PB 0x00000000d6200000| Untracked 
| 355|0x00000000d6300000, 0x00000000d6400000, 0x00000000d6400000|100%| O|  |TAMS 0x00000000d6300000| PB 0x00000000d6300000| Untracked 
| 356|0x00000000d6400000, 0x00000000d6500000, 0x00000000d6500000|100%| O|  |TAMS 0x00000000d6400000| PB 0x00000000d6400000| Untracked 
| 357|0x00000000d6500000, 0x00000000d6600000, 0x00000000d6600000|100%| O|  |TAMS 0x00000000d6500000| PB 0x00000000d6500000| Untracked 
| 358|0x00000000d6600000, 0x00000000d6700000, 0x00000000d6700000|100%| O|  |TAMS 0x00000000d6600000| PB 0x00000000d6600000| Untracked 
| 359|0x00000000d6700000, 0x00000000d6800000, 0x00000000d6800000|100%| O|  |TAMS 0x00000000d6700000| PB 0x00000000d6700000| Untracked 
| 360|0x00000000d6800000, 0x00000000d6900000, 0x00000000d6900000|100%| O|  |TAMS 0x00000000d6800000| PB 0x00000000d6800000| Untracked 
| 361|0x00000000d6900000, 0x00000000d6a00000, 0x00000000d6a00000|100%| O|  |TAMS 0x00000000d6900000| PB 0x00000000d6900000| Untracked 
| 362|0x00000000d6a00000, 0x00000000d6b00000, 0x00000000d6b00000|100%| O|  |TAMS 0x00000000d6a00000| PB 0x00000000d6a00000| Untracked 
| 363|0x00000000d6b00000, 0x00000000d6c00000, 0x00000000d6c00000|100%| O|  |TAMS 0x00000000d6b00000| PB 0x00000000d6b00000| Untracked 
| 364|0x00000000d6c00000, 0x00000000d6d00000, 0x00000000d6d00000|100%| O|  |TAMS 0x00000000d6c00000| PB 0x00000000d6c00000| Untracked 
| 365|0x00000000d6d00000, 0x00000000d6e00000, 0x00000000d6e00000|100%| O|  |TAMS 0x00000000d6d00000| PB 0x00000000d6d00000| Untracked 
| 366|0x00000000d6e00000, 0x00000000d6f00000, 0x00000000d6f00000|100%|HS|  |TAMS 0x00000000d6e00000| PB 0x00000000d6e00000| Complete 
| 367|0x00000000d6f00000, 0x00000000d7000000, 0x00000000d7000000|100%| O|  |TAMS 0x00000000d6f00000| PB 0x00000000d6f00000| Untracked 
| 368|0x00000000d7000000, 0x00000000d7100000, 0x00000000d7100000|100%| O|  |TAMS 0x00000000d7000000| PB 0x00000000d7000000| Untracked 
| 369|0x00000000d7100000, 0x00000000d7200000, 0x00000000d7200000|100%|HS|  |TAMS 0x00000000d7100000| PB 0x00000000d7100000| Complete 
| 370|0x00000000d7200000, 0x00000000d7300000, 0x00000000d7300000|100%| O|  |TAMS 0x00000000d7200000| PB 0x00000000d7200000| Untracked 
| 371|0x00000000d7300000, 0x00000000d7400000, 0x00000000d7400000|100%| O|  |TAMS 0x00000000d7300000| PB 0x00000000d7300000| Untracked 
| 372|0x00000000d7400000, 0x00000000d7500000, 0x00000000d7500000|100%| O|  |TAMS 0x00000000d7400000| PB 0x00000000d7400000| Untracked 
| 373|0x00000000d7500000, 0x00000000d7600000, 0x00000000d7600000|100%| O|  |TAMS 0x00000000d7500000| PB 0x00000000d7500000| Untracked 
| 374|0x00000000d7600000, 0x00000000d7700000, 0x00000000d7700000|100%| O|  |TAMS 0x00000000d7600000| PB 0x00000000d7600000| Untracked 
| 375|0x00000000d7700000, 0x00000000d7800000, 0x00000000d7800000|100%| O|  |TAMS 0x00000000d7700000| PB 0x00000000d7700000| Untracked 
| 376|0x00000000d7800000, 0x00000000d7900000, 0x00000000d7900000|100%| O|  |TAMS 0x00000000d7800000| PB 0x00000000d7800000| Untracked 
| 377|0x00000000d7900000, 0x00000000d7a00000, 0x00000000d7a00000|100%| O|  |TAMS 0x00000000d7900000| PB 0x00000000d7900000| Untracked 
| 378|0x00000000d7a00000, 0x00000000d7b00000, 0x00000000d7b00000|100%| O|  |TAMS 0x00000000d7a00000| PB 0x00000000d7a00000| Untracked 
| 379|0x00000000d7b00000, 0x00000000d7c00000, 0x00000000d7c00000|100%| O|  |TAMS 0x00000000d7b00000| PB 0x00000000d7b00000| Untracked 
| 380|0x00000000d7c00000, 0x00000000d7d00000, 0x00000000d7d00000|100%| O|  |TAMS 0x00000000d7c00000| PB 0x00000000d7c00000| Untracked 
| 381|0x00000000d7d00000, 0x00000000d7e00000, 0x00000000d7e00000|100%| O|  |TAMS 0x00000000d7d00000| PB 0x00000000d7d00000| Untracked 
| 382|0x00000000d7e00000, 0x00000000d7f00000, 0x00000000d7f00000|100%| O|  |TAMS 0x00000000d7e00000| PB 0x00000000d7e00000| Untracked 
| 383|0x00000000d7f00000, 0x00000000d8000000, 0x00000000d8000000|100%| O|  |TAMS 0x00000000d7f00000| PB 0x00000000d7f00000| Untracked 
| 384|0x00000000d8000000, 0x00000000d8100000, 0x00000000d8100000|100%| O|  |TAMS 0x00000000d8000000| PB 0x00000000d8000000| Untracked 
| 385|0x00000000d8100000, 0x00000000d8200000, 0x00000000d8200000|100%| O|  |TAMS 0x00000000d8100000| PB 0x00000000d8100000| Untracked 
| 386|0x00000000d8200000, 0x00000000d8300000, 0x00000000d8300000|100%| O|  |TAMS 0x00000000d8200000| PB 0x00000000d8200000| Untracked 
| 387|0x00000000d8300000, 0x00000000d8400000, 0x00000000d8400000|100%| O|  |TAMS 0x00000000d8300000| PB 0x00000000d8300000| Untracked 
| 388|0x00000000d8400000, 0x00000000d8500000, 0x00000000d8500000|100%| O|  |TAMS 0x00000000d8400000| PB 0x00000000d8400000| Untracked 
| 389|0x00000000d8500000, 0x00000000d8600000, 0x00000000d8600000|100%| O|  |TAMS 0x00000000d8500000| PB 0x00000000d8500000| Untracked 
| 390|0x00000000d8600000, 0x00000000d8700000, 0x00000000d8700000|100%| O|  |TAMS 0x00000000d8600000| PB 0x00000000d8600000| Untracked 
| 391|0x00000000d8700000, 0x00000000d8800000, 0x00000000d8800000|100%| O|  |TAMS 0x00000000d8700000| PB 0x00000000d8700000| Untracked 
| 392|0x00000000d8800000, 0x00000000d8900000, 0x00000000d8900000|100%| O|  |TAMS 0x00000000d8800000| PB 0x00000000d8800000| Untracked 
| 393|0x00000000d8900000, 0x00000000d8a00000, 0x00000000d8a00000|100%| O|  |TAMS 0x00000000d8900000| PB 0x00000000d8900000| Untracked 
| 394|0x00000000d8a00000, 0x00000000d8b00000, 0x00000000d8b00000|100%| O|  |TAMS 0x00000000d8a00000| PB 0x00000000d8a00000| Untracked 
| 395|0x00000000d8b00000, 0x00000000d8c00000, 0x00000000d8c00000|100%| O|  |TAMS 0x00000000d8b00000| PB 0x00000000d8b00000| Untracked 
| 396|0x00000000d8c00000, 0x00000000d8d00000, 0x00000000d8d00000|100%| O|  |TAMS 0x00000000d8c00000| PB 0x00000000d8c00000| Untracked 
| 397|0x00000000d8d00000, 0x00000000d8e00000, 0x00000000d8e00000|100%| O|  |TAMS 0x00000000d8d00000| PB 0x00000000d8d00000| Untracked 
| 398|0x00000000d8e00000, 0x00000000d8f00000, 0x00000000d8f00000|100%| O|  |TAMS 0x00000000d8e00000| PB 0x00000000d8e00000| Untracked 
| 399|0x00000000d8f00000, 0x00000000d9000000, 0x00000000d9000000|100%| O|  |TAMS 0x00000000d8f00000| PB 0x00000000d8f00000| Untracked 
| 400|0x00000000d9000000, 0x00000000d9100000, 0x00000000d9100000|100%| O|  |TAMS 0x00000000d9000000| PB 0x00000000d9000000| Untracked 
| 401|0x00000000d9100000, 0x00000000d9200000, 0x00000000d9200000|100%| O|  |TAMS 0x00000000d9100000| PB 0x00000000d9100000| Untracked 
| 402|0x00000000d9200000, 0x00000000d9300000, 0x00000000d9300000|100%| O|  |TAMS 0x00000000d9200000| PB 0x00000000d9200000| Untracked 
| 403|0x00000000d9300000, 0x00000000d9400000, 0x00000000d9400000|100%| O|  |TAMS 0x00000000d9300000| PB 0x00000000d9300000| Untracked 
| 404|0x00000000d9400000, 0x00000000d9500000, 0x00000000d9500000|100%| O|  |TAMS 0x00000000d9400000| PB 0x00000000d9400000| Untracked 
| 405|0x00000000d9500000, 0x00000000d9600000, 0x00000000d9600000|100%| O|  |TAMS 0x00000000d9500000| PB 0x00000000d9500000| Untracked 
| 406|0x00000000d9600000, 0x00000000d9700000, 0x00000000d9700000|100%| O|  |TAMS 0x00000000d9600000| PB 0x00000000d9600000| Untracked 
| 407|0x00000000d9700000, 0x00000000d9800000, 0x00000000d9800000|100%| O|  |TAMS 0x00000000d9700000| PB 0x00000000d9700000| Untracked 
| 408|0x00000000d9800000, 0x00000000d9900000, 0x00000000d9900000|100%| O|  |TAMS 0x00000000d9800000| PB 0x00000000d9800000| Untracked 
| 409|0x00000000d9900000, 0x00000000d9a00000, 0x00000000d9a00000|100%| O|  |TAMS 0x00000000d9900000| PB 0x00000000d9900000| Untracked 
| 410|0x00000000d9a00000, 0x00000000d9b00000, 0x00000000d9b00000|100%| O|  |TAMS 0x00000000d9a00000| PB 0x00000000d9a00000| Untracked 
| 411|0x00000000d9b00000, 0x00000000d9c00000, 0x00000000d9c00000|100%| O|  |TAMS 0x00000000d9b00000| PB 0x00000000d9b00000| Untracked 
| 412|0x00000000d9c00000, 0x00000000d9d00000, 0x00000000d9d00000|100%| O|  |TAMS 0x00000000d9c00000| PB 0x00000000d9c00000| Untracked 
| 413|0x00000000d9d00000, 0x00000000d9e00000, 0x00000000d9e00000|100%| O|  |TAMS 0x00000000d9d00000| PB 0x00000000d9d00000| Untracked 
| 414|0x00000000d9e00000, 0x00000000d9f00000, 0x00000000d9f00000|100%| O|  |TAMS 0x00000000d9e00000| PB 0x00000000d9e00000| Untracked 
| 415|0x00000000d9f00000, 0x00000000da000000, 0x00000000da000000|100%| O|  |TAMS 0x00000000d9f00000| PB 0x00000000d9f00000| Untracked 
| 416|0x00000000da000000, 0x00000000da100000, 0x00000000da100000|100%| O|  |TAMS 0x00000000da000000| PB 0x00000000da000000| Untracked 
| 417|0x00000000da100000, 0x00000000da200000, 0x00000000da200000|100%| O|  |TAMS 0x00000000da100000| PB 0x00000000da100000| Untracked 
| 418|0x00000000da200000, 0x00000000da300000, 0x00000000da300000|100%|HS|  |TAMS 0x00000000da200000| PB 0x00000000da200000| Complete 
| 419|0x00000000da300000, 0x00000000da400000, 0x00000000da400000|100%| O|  |TAMS 0x00000000da300000| PB 0x00000000da300000| Untracked 
| 420|0x00000000da400000, 0x00000000da500000, 0x00000000da500000|100%| O|  |TAMS 0x00000000da400000| PB 0x00000000da400000| Untracked 
| 421|0x00000000da500000, 0x00000000da600000, 0x00000000da600000|100%| O|  |TAMS 0x00000000da500000| PB 0x00000000da500000| Untracked 
| 422|0x00000000da600000, 0x00000000da700000, 0x00000000da700000|100%| O|  |TAMS 0x00000000da600000| PB 0x00000000da600000| Untracked 
| 423|0x00000000da700000, 0x00000000da800000, 0x00000000da800000|100%| O|  |TAMS 0x00000000da700000| PB 0x00000000da700000| Untracked 
| 424|0x00000000da800000, 0x00000000da900000, 0x00000000da900000|100%| O|  |TAMS 0x00000000da800000| PB 0x00000000da800000| Untracked 
| 425|0x00000000da900000, 0x00000000daa00000, 0x00000000daa00000|100%| O|  |TAMS 0x00000000da900000| PB 0x00000000da900000| Untracked 
| 426|0x00000000daa00000, 0x00000000daa00000, 0x00000000dab00000|  0%| F|  |TAMS 0x00000000daa00000| PB 0x00000000daa00000| Untracked 
| 427|0x00000000dab00000, 0x00000000dac00000, 0x00000000dac00000|100%| O|  |TAMS 0x00000000dab00000| PB 0x00000000dab00000| Untracked 
| 428|0x00000000dac00000, 0x00000000dad00000, 0x00000000dad00000|100%| O|  |TAMS 0x00000000dac00000| PB 0x00000000dac00000| Untracked 
| 429|0x00000000dad00000, 0x00000000dae00000, 0x00000000dae00000|100%| O|  |TAMS 0x00000000dad00000| PB 0x00000000dad00000| Untracked 
| 430|0x00000000dae00000, 0x00000000daf00000, 0x00000000daf00000|100%| O|  |TAMS 0x00000000dae00000| PB 0x00000000dae00000| Untracked 
| 431|0x00000000daf00000, 0x00000000db000000, 0x00000000db000000|100%|HS|  |TAMS 0x00000000daf00000| PB 0x00000000daf00000| Complete 
| 432|0x00000000db000000, 0x00000000db100000, 0x00000000db100000|100%|HS|  |TAMS 0x00000000db000000| PB 0x00000000db000000| Complete 
| 433|0x00000000db100000, 0x00000000db200000, 0x00000000db200000|100%|HS|  |TAMS 0x00000000db100000| PB 0x00000000db100000| Complete 
| 434|0x00000000db200000, 0x00000000db300000, 0x00000000db300000|100%| O|  |TAMS 0x00000000db200000| PB 0x00000000db200000| Untracked 
| 435|0x00000000db300000, 0x00000000db400000, 0x00000000db400000|100%|HS|  |TAMS 0x00000000db300000| PB 0x00000000db300000| Complete 
| 436|0x00000000db400000, 0x00000000db500000, 0x00000000db500000|100%| O|  |TAMS 0x00000000db400000| PB 0x00000000db400000| Untracked 
| 437|0x00000000db500000, 0x00000000db600000, 0x00000000db600000|100%| O|  |TAMS 0x00000000db500000| PB 0x00000000db500000| Untracked 
| 438|0x00000000db600000, 0x00000000db700000, 0x00000000db700000|100%| O|  |TAMS 0x00000000db600000| PB 0x00000000db600000| Untracked 
| 439|0x00000000db700000, 0x00000000db800000, 0x00000000db800000|100%| O|  |TAMS 0x00000000db700000| PB 0x00000000db700000| Untracked 
| 440|0x00000000db800000, 0x00000000db900000, 0x00000000db900000|100%| O|  |TAMS 0x00000000db800000| PB 0x00000000db800000| Untracked 
| 441|0x00000000db900000, 0x00000000dba00000, 0x00000000dba00000|100%| O|  |TAMS 0x00000000db900000| PB 0x00000000db900000| Untracked 
| 442|0x00000000dba00000, 0x00000000dbb00000, 0x00000000dbb00000|100%| O|  |TAMS 0x00000000dba00000| PB 0x00000000dba00000| Untracked 
| 443|0x00000000dbb00000, 0x00000000dbc00000, 0x00000000dbc00000|100%|HS|  |TAMS 0x00000000dbb00000| PB 0x00000000dbb00000| Complete 
| 444|0x00000000dbc00000, 0x00000000dbd00000, 0x00000000dbd00000|100%| O|  |TAMS 0x00000000dbc00000| PB 0x00000000dbc00000| Untracked 
| 445|0x00000000dbd00000, 0x00000000dbe00000, 0x00000000dbe00000|100%| O|  |TAMS 0x00000000dbd00000| PB 0x00000000dbd00000| Untracked 
| 446|0x00000000dbe00000, 0x00000000dbf00000, 0x00000000dbf00000|100%| O|  |TAMS 0x00000000dbe00000| PB 0x00000000dbe00000| Untracked 
| 447|0x00000000dbf00000, 0x00000000dc000000, 0x00000000dc000000|100%| O|  |TAMS 0x00000000dbf00000| PB 0x00000000dbf00000| Untracked 
| 448|0x00000000dc000000, 0x00000000dc100000, 0x00000000dc100000|100%| O|  |TAMS 0x00000000dc000000| PB 0x00000000dc000000| Untracked 
| 449|0x00000000dc100000, 0x00000000dc200000, 0x00000000dc200000|100%| O|  |TAMS 0x00000000dc100000| PB 0x00000000dc100000| Untracked 
| 450|0x00000000dc200000, 0x00000000dc300000, 0x00000000dc300000|100%| O|  |TAMS 0x00000000dc200000| PB 0x00000000dc200000| Untracked 
| 451|0x00000000dc300000, 0x00000000dc400000, 0x00000000dc400000|100%| O|  |TAMS 0x00000000dc300000| PB 0x00000000dc300000| Untracked 
| 452|0x00000000dc400000, 0x00000000dc500000, 0x00000000dc500000|100%| O|  |TAMS 0x00000000dc400000| PB 0x00000000dc400000| Untracked 
| 453|0x00000000dc500000, 0x00000000dc600000, 0x00000000dc600000|100%| O|  |TAMS 0x00000000dc500000| PB 0x00000000dc500000| Untracked 
| 454|0x00000000dc600000, 0x00000000dc700000, 0x00000000dc700000|100%| O|  |TAMS 0x00000000dc600000| PB 0x00000000dc600000| Untracked 
| 455|0x00000000dc700000, 0x00000000dc800000, 0x00000000dc800000|100%| O|  |TAMS 0x00000000dc700000| PB 0x00000000dc700000| Untracked 
| 456|0x00000000dc800000, 0x00000000dc900000, 0x00000000dc900000|100%| O|  |TAMS 0x00000000dc800000| PB 0x00000000dc800000| Untracked 
| 457|0x00000000dc900000, 0x00000000dc900000, 0x00000000dca00000|  0%| F|  |TAMS 0x00000000dc900000| PB 0x00000000dc900000| Untracked 
| 458|0x00000000dca00000, 0x00000000dca00000, 0x00000000dcb00000|  0%| F|  |TAMS 0x00000000dca00000| PB 0x00000000dca00000| Untracked 
| 459|0x00000000dcb00000, 0x00000000dcb00000, 0x00000000dcc00000|  0%| F|  |TAMS 0x00000000dcb00000| PB 0x00000000dcb00000| Untracked 
| 460|0x00000000dcc00000, 0x00000000dcd00000, 0x00000000dcd00000|100%| O|  |TAMS 0x00000000dcc00000| PB 0x00000000dcc00000| Untracked 
| 461|0x00000000dcd00000, 0x00000000dce00000, 0x00000000dce00000|100%| O|  |TAMS 0x00000000dcd00000| PB 0x00000000dcd00000| Untracked 
| 462|0x00000000dce00000, 0x00000000dcf00000, 0x00000000dcf00000|100%| O|  |TAMS 0x00000000dce00000| PB 0x00000000dce00000| Untracked 
| 463|0x00000000dcf00000, 0x00000000dd000000, 0x00000000dd000000|100%| O|  |TAMS 0x00000000dcf00000| PB 0x00000000dcf00000| Untracked 
| 464|0x00000000dd000000, 0x00000000dd100000, 0x00000000dd100000|100%| O|  |TAMS 0x00000000dd000000| PB 0x00000000dd000000| Untracked 
| 465|0x00000000dd100000, 0x00000000dd200000, 0x00000000dd200000|100%| O|  |TAMS 0x00000000dd100000| PB 0x00000000dd100000| Untracked 
| 466|0x00000000dd200000, 0x00000000dd300000, 0x00000000dd300000|100%| O|  |TAMS 0x00000000dd200000| PB 0x00000000dd200000| Untracked 
| 467|0x00000000dd300000, 0x00000000dd400000, 0x00000000dd400000|100%| O|  |TAMS 0x00000000dd300000| PB 0x00000000dd300000| Untracked 
| 468|0x00000000dd400000, 0x00000000dd500000, 0x00000000dd500000|100%| O|  |TAMS 0x00000000dd400000| PB 0x00000000dd400000| Untracked 
| 469|0x00000000dd500000, 0x00000000dd600000, 0x00000000dd600000|100%| O|  |TAMS 0x00000000dd500000| PB 0x00000000dd500000| Untracked 
| 470|0x00000000dd600000, 0x00000000dd700000, 0x00000000dd700000|100%| O|  |TAMS 0x00000000dd600000| PB 0x00000000dd600000| Untracked 
| 471|0x00000000dd700000, 0x00000000dd800000, 0x00000000dd800000|100%|HS|  |TAMS 0x00000000dd700000| PB 0x00000000dd700000| Complete 
| 472|0x00000000dd800000, 0x00000000dd900000, 0x00000000dd900000|100%| O|  |TAMS 0x00000000dd800000| PB 0x00000000dd800000| Untracked 
| 473|0x00000000dd900000, 0x00000000dda00000, 0x00000000dda00000|100%| O|  |TAMS 0x00000000dd900000| PB 0x00000000dd900000| Untracked 
| 474|0x00000000dda00000, 0x00000000ddb00000, 0x00000000ddb00000|100%|HS|  |TAMS 0x00000000dda00000| PB 0x00000000dda00000| Complete 
| 475|0x00000000ddb00000, 0x00000000ddc00000, 0x00000000ddc00000|100%| O|  |TAMS 0x00000000ddb00000| PB 0x00000000ddb00000| Untracked 
| 476|0x00000000ddc00000, 0x00000000ddd00000, 0x00000000ddd00000|100%| O|  |TAMS 0x00000000ddc00000| PB 0x00000000ddc00000| Untracked 
| 477|0x00000000ddd00000, 0x00000000dde00000, 0x00000000dde00000|100%|HS|  |TAMS 0x00000000ddd00000| PB 0x00000000ddd00000| Complete 
| 478|0x00000000dde00000, 0x00000000ddf00000, 0x00000000ddf00000|100%| O|  |TAMS 0x00000000dde00000| PB 0x00000000dde00000| Untracked 
| 479|0x00000000ddf00000, 0x00000000de000000, 0x00000000de000000|100%| O|  |TAMS 0x00000000ddf00000| PB 0x00000000ddf00000| Untracked 
| 480|0x00000000de000000, 0x00000000de100000, 0x00000000de100000|100%| O|  |TAMS 0x00000000de000000| PB 0x00000000de000000| Untracked 
| 481|0x00000000de100000, 0x00000000de200000, 0x00000000de200000|100%| O|  |TAMS 0x00000000de100000| PB 0x00000000de100000| Untracked 
| 482|0x00000000de200000, 0x00000000de300000, 0x00000000de300000|100%| O|  |TAMS 0x00000000de200000| PB 0x00000000de200000| Untracked 
| 483|0x00000000de300000, 0x00000000de400000, 0x00000000de400000|100%| O|  |TAMS 0x00000000de300000| PB 0x00000000de300000| Untracked 
| 484|0x00000000de400000, 0x00000000de500000, 0x00000000de500000|100%| O|  |TAMS 0x00000000de400000| PB 0x00000000de400000| Untracked 
| 485|0x00000000de500000, 0x00000000de600000, 0x00000000de600000|100%| O|  |TAMS 0x00000000de500000| PB 0x00000000de500000| Untracked 
| 486|0x00000000de600000, 0x00000000de700000, 0x00000000de700000|100%| O|  |TAMS 0x00000000de600000| PB 0x00000000de600000| Untracked 
| 487|0x00000000de700000, 0x00000000de800000, 0x00000000de800000|100%| O|  |TAMS 0x00000000de700000| PB 0x00000000de700000| Untracked 
| 488|0x00000000de800000, 0x00000000de900000, 0x00000000de900000|100%| O|  |TAMS 0x00000000de800000| PB 0x00000000de800000| Untracked 
| 489|0x00000000de900000, 0x00000000de900000, 0x00000000dea00000|  0%| F|  |TAMS 0x00000000de900000| PB 0x00000000de900000| Untracked 
| 490|0x00000000dea00000, 0x00000000deb00000, 0x00000000deb00000|100%| O|  |TAMS 0x00000000dea00000| PB 0x00000000dea00000| Untracked 
| 491|0x00000000deb00000, 0x00000000deb00000, 0x00000000dec00000|  0%| F|  |TAMS 0x00000000deb00000| PB 0x00000000deb00000| Untracked 
| 492|0x00000000dec00000, 0x00000000dec00000, 0x00000000ded00000|  0%| F|  |TAMS 0x00000000dec00000| PB 0x00000000dec00000| Untracked 
| 493|0x00000000ded00000, 0x00000000dee00000, 0x00000000dee00000|100%| O|  |TAMS 0x00000000ded00000| PB 0x00000000ded00000| Untracked 
| 494|0x00000000dee00000, 0x00000000def00000, 0x00000000def00000|100%| O|  |TAMS 0x00000000dee00000| PB 0x00000000dee00000| Untracked 
| 495|0x00000000def00000, 0x00000000df000000, 0x00000000df000000|100%| O|  |TAMS 0x00000000def00000| PB 0x00000000def00000| Untracked 
| 496|0x00000000df000000, 0x00000000df100000, 0x00000000df100000|100%| O|  |TAMS 0x00000000df000000| PB 0x00000000df000000| Untracked 
| 497|0x00000000df100000, 0x00000000df200000, 0x00000000df200000|100%| O|  |TAMS 0x00000000df100000| PB 0x00000000df100000| Untracked 
| 498|0x00000000df200000, 0x00000000df300000, 0x00000000df300000|100%| O|  |TAMS 0x00000000df200000| PB 0x00000000df200000| Untracked 
| 499|0x00000000df300000, 0x00000000df400000, 0x00000000df400000|100%|HS|  |TAMS 0x00000000df300000| PB 0x00000000df300000| Complete 
| 500|0x00000000df400000, 0x00000000df500000, 0x00000000df500000|100%| O|  |TAMS 0x00000000df400000| PB 0x00000000df400000| Untracked 
| 501|0x00000000df500000, 0x00000000df600000, 0x00000000df600000|100%| O|  |TAMS 0x00000000df500000| PB 0x00000000df500000| Untracked 
| 502|0x00000000df600000, 0x00000000df700000, 0x00000000df700000|100%| O|  |TAMS 0x00000000df600000| PB 0x00000000df600000| Untracked 
| 503|0x00000000df700000, 0x00000000df800000, 0x00000000df800000|100%| O|  |TAMS 0x00000000df700000| PB 0x00000000df700000| Untracked 
| 504|0x00000000df800000, 0x00000000df900000, 0x00000000df900000|100%|HS|  |TAMS 0x00000000df800000| PB 0x00000000df800000| Complete 
| 505|0x00000000df900000, 0x00000000dfa00000, 0x00000000dfa00000|100%| O|  |TAMS 0x00000000df900000| PB 0x00000000df900000| Untracked 
| 506|0x00000000dfa00000, 0x00000000dfb00000, 0x00000000dfb00000|100%| O|  |TAMS 0x00000000dfa00000| PB 0x00000000dfa00000| Untracked 
| 507|0x00000000dfb00000, 0x00000000dfc00000, 0x00000000dfc00000|100%| O|  |TAMS 0x00000000dfb00000| PB 0x00000000dfb00000| Untracked 
| 508|0x00000000dfc00000, 0x00000000dfd00000, 0x00000000dfd00000|100%| O|  |TAMS 0x00000000dfc00000| PB 0x00000000dfc00000| Untracked 
| 509|0x00000000dfd00000, 0x00000000dfe00000, 0x00000000dfe00000|100%|HS|  |TAMS 0x00000000dfd00000| PB 0x00000000dfd00000| Complete 
| 510|0x00000000dfe00000, 0x00000000dff00000, 0x00000000dff00000|100%| O|  |TAMS 0x00000000dfe00000| PB 0x00000000dfe00000| Untracked 
| 511|0x00000000dff00000, 0x00000000e0000000, 0x00000000e0000000|100%| O|  |TAMS 0x00000000dff00000| PB 0x00000000dff00000| Untracked 
| 512|0x00000000e0000000, 0x00000000e0100000, 0x00000000e0100000|100%|HS|  |TAMS 0x00000000e0000000| PB 0x00000000e0000000| Complete 
| 513|0x00000000e0100000, 0x00000000e0200000, 0x00000000e0200000|100%| O|  |TAMS 0x00000000e0100000| PB 0x00000000e0100000| Untracked 
| 514|0x00000000e0200000, 0x00000000e0300000, 0x00000000e0300000|100%| O|  |TAMS 0x00000000e0200000| PB 0x00000000e0200000| Untracked 
| 515|0x00000000e0300000, 0x00000000e0400000, 0x00000000e0400000|100%|HS|  |TAMS 0x00000000e0300000| PB 0x00000000e0300000| Complete 
| 516|0x00000000e0400000, 0x00000000e0500000, 0x00000000e0500000|100%| O|  |TAMS 0x00000000e0400000| PB 0x00000000e0400000| Untracked 
| 517|0x00000000e0500000, 0x00000000e0600000, 0x00000000e0600000|100%|HS|  |TAMS 0x00000000e0500000| PB 0x00000000e0500000| Complete 
| 518|0x00000000e0600000, 0x00000000e0700000, 0x00000000e0700000|100%| O|  |TAMS 0x00000000e0600000| PB 0x00000000e0600000| Untracked 
| 519|0x00000000e0700000, 0x00000000e0800000, 0x00000000e0800000|100%|HS|  |TAMS 0x00000000e0700000| PB 0x00000000e0700000| Complete 
| 520|0x00000000e0800000, 0x00000000e0900000, 0x00000000e0900000|100%|HS|  |TAMS 0x00000000e0800000| PB 0x00000000e0800000| Complete 
| 521|0x00000000e0900000, 0x00000000e09c5bb0, 0x00000000e0a00000| 77%| O|  |TAMS 0x00000000e0900000| PB 0x00000000e0900000| Untracked 
| 522|0x00000000e0a00000, 0x00000000e0a00000, 0x00000000e0b00000|  0%| F|  |TAMS 0x00000000e0a00000| PB 0x00000000e0a00000| Untracked 
| 523|0x00000000e0b00000, 0x00000000e0b00000, 0x00000000e0c00000|  0%| F|  |TAMS 0x00000000e0b00000| PB 0x00000000e0b00000| Untracked 
| 524|0x00000000e0c00000, 0x00000000e0c00000, 0x00000000e0d00000|  0%| F|  |TAMS 0x00000000e0c00000| PB 0x00000000e0c00000| Untracked 
| 525|0x00000000e0d00000, 0x00000000e0d00000, 0x00000000e0e00000|  0%| F|  |TAMS 0x00000000e0d00000| PB 0x00000000e0d00000| Untracked 
| 526|0x00000000e0e00000, 0x00000000e0e00000, 0x00000000e0f00000|  0%| F|  |TAMS 0x00000000e0e00000| PB 0x00000000e0e00000| Untracked 
| 527|0x00000000e0f00000, 0x00000000e0f00000, 0x00000000e1000000|  0%| F|  |TAMS 0x00000000e0f00000| PB 0x00000000e0f00000| Untracked 
| 528|0x00000000e1000000, 0x00000000e1000000, 0x00000000e1100000|  0%| F|  |TAMS 0x00000000e1000000| PB 0x00000000e1000000| Untracked 
| 529|0x00000000e1100000, 0x00000000e1100000, 0x00000000e1200000|  0%| F|  |TAMS 0x00000000e1100000| PB 0x00000000e1100000| Untracked 
| 530|0x00000000e1200000, 0x00000000e1200000, 0x00000000e1300000|  0%| F|  |TAMS 0x00000000e1200000| PB 0x00000000e1200000| Untracked 
| 531|0x00000000e1300000, 0x00000000e1400000, 0x00000000e1400000|100%|HS|  |TAMS 0x00000000e1300000| PB 0x00000000e1300000| Complete 
| 532|0x00000000e1400000, 0x00000000e1400000, 0x00000000e1500000|  0%| F|  |TAMS 0x00000000e1400000| PB 0x00000000e1400000| Untracked 
| 533|0x00000000e1500000, 0x00000000e1500000, 0x00000000e1600000|  0%| F|  |TAMS 0x00000000e1500000| PB 0x00000000e1500000| Untracked 
| 534|0x00000000e1600000, 0x00000000e1600000, 0x00000000e1700000|  0%| F|  |TAMS 0x00000000e1600000| PB 0x00000000e1600000| Untracked 
| 535|0x00000000e1700000, 0x00000000e1700000, 0x00000000e1800000|  0%| F|  |TAMS 0x00000000e1700000| PB 0x00000000e1700000| Untracked 
| 536|0x00000000e1800000, 0x00000000e1800000, 0x00000000e1900000|  0%| F|  |TAMS 0x00000000e1800000| PB 0x00000000e1800000| Untracked 
| 537|0x00000000e1900000, 0x00000000e1900000, 0x00000000e1a00000|  0%| F|  |TAMS 0x00000000e1900000| PB 0x00000000e1900000| Untracked 
| 538|0x00000000e1a00000, 0x00000000e1a00000, 0x00000000e1b00000|  0%| F|  |TAMS 0x00000000e1a00000| PB 0x00000000e1a00000| Untracked 
| 539|0x00000000e1b00000, 0x00000000e1b00000, 0x00000000e1c00000|  0%| F|  |TAMS 0x00000000e1b00000| PB 0x00000000e1b00000| Untracked 
| 540|0x00000000e1c00000, 0x00000000e1c00000, 0x00000000e1d00000|  0%| F|  |TAMS 0x00000000e1c00000| PB 0x00000000e1c00000| Untracked 
| 541|0x00000000e1d00000, 0x00000000e1d00000, 0x00000000e1e00000|  0%| F|  |TAMS 0x00000000e1d00000| PB 0x00000000e1d00000| Untracked 
| 542|0x00000000e1e00000, 0x00000000e1f00000, 0x00000000e1f00000|100%|HS|  |TAMS 0x00000000e1e00000| PB 0x00000000e1e00000| Complete 
| 543|0x00000000e1f00000, 0x00000000e2000000, 0x00000000e2000000|100%|HS|  |TAMS 0x00000000e1f00000| PB 0x00000000e1f00000| Complete 
| 544|0x00000000e2000000, 0x00000000e2000000, 0x00000000e2100000|  0%| F|  |TAMS 0x00000000e2000000| PB 0x00000000e2000000| Untracked 
| 545|0x00000000e2100000, 0x00000000e2100000, 0x00000000e2200000|  0%| F|  |TAMS 0x00000000e2100000| PB 0x00000000e2100000| Untracked 
| 546|0x00000000e2200000, 0x00000000e2300000, 0x00000000e2300000|100%|HS|  |TAMS 0x00000000e2200000| PB 0x00000000e2200000| Complete 
| 547|0x00000000e2300000, 0x00000000e2300000, 0x00000000e2400000|  0%| F|  |TAMS 0x00000000e2300000| PB 0x00000000e2300000| Untracked 
| 548|0x00000000e2400000, 0x00000000e2400000, 0x00000000e2500000|  0%| F|  |TAMS 0x00000000e2400000| PB 0x00000000e2400000| Untracked 
| 549|0x00000000e2500000, 0x00000000e2600000, 0x00000000e2600000|100%|HS|  |TAMS 0x00000000e2500000| PB 0x00000000e2500000| Complete 
| 550|0x00000000e2600000, 0x00000000e2600000, 0x00000000e2700000|  0%| F|  |TAMS 0x00000000e2600000| PB 0x00000000e2600000| Untracked 
| 551|0x00000000e2700000, 0x00000000e2700000, 0x00000000e2800000|  0%| F|  |TAMS 0x00000000e2700000| PB 0x00000000e2700000| Untracked 
| 552|0x00000000e2800000, 0x00000000e2800000, 0x00000000e2900000|  0%| F|  |TAMS 0x00000000e2800000| PB 0x00000000e2800000| Untracked 
| 553|0x00000000e2900000, 0x00000000e2900000, 0x00000000e2a00000|  0%| F|  |TAMS 0x00000000e2900000| PB 0x00000000e2900000| Untracked 
| 554|0x00000000e2a00000, 0x00000000e2a00000, 0x00000000e2b00000|  0%| F|  |TAMS 0x00000000e2a00000| PB 0x00000000e2a00000| Untracked 
| 555|0x00000000e2b00000, 0x00000000e2b00000, 0x00000000e2c00000|  0%| F|  |TAMS 0x00000000e2b00000| PB 0x00000000e2b00000| Untracked 
| 556|0x00000000e2c00000, 0x00000000e2c00000, 0x00000000e2d00000|  0%| F|  |TAMS 0x00000000e2c00000| PB 0x00000000e2c00000| Untracked 
| 557|0x00000000e2d00000, 0x00000000e2d00000, 0x00000000e2e00000|  0%| F|  |TAMS 0x00000000e2d00000| PB 0x00000000e2d00000| Untracked 
| 558|0x00000000e2e00000, 0x00000000e2e00000, 0x00000000e2f00000|  0%| F|  |TAMS 0x00000000e2e00000| PB 0x00000000e2e00000| Untracked 
| 559|0x00000000e2f00000, 0x00000000e2f00000, 0x00000000e3000000|  0%| F|  |TAMS 0x00000000e2f00000| PB 0x00000000e2f00000| Untracked 
| 560|0x00000000e3000000, 0x00000000e3000000, 0x00000000e3100000|  0%| F|  |TAMS 0x00000000e3000000| PB 0x00000000e3000000| Untracked 
| 561|0x00000000e3100000, 0x00000000e3100000, 0x00000000e3200000|  0%| F|  |TAMS 0x00000000e3100000| PB 0x00000000e3100000| Untracked 
| 562|0x00000000e3200000, 0x00000000e3200000, 0x00000000e3300000|  0%| F|  |TAMS 0x00000000e3200000| PB 0x00000000e3200000| Untracked 
| 563|0x00000000e3300000, 0x00000000e3300000, 0x00000000e3400000|  0%| F|  |TAMS 0x00000000e3300000| PB 0x00000000e3300000| Untracked 
| 564|0x00000000e3400000, 0x00000000e3400000, 0x00000000e3500000|  0%| F|  |TAMS 0x00000000e3400000| PB 0x00000000e3400000| Untracked 
| 565|0x00000000e3500000, 0x00000000e3500000, 0x00000000e3600000|  0%| F|  |TAMS 0x00000000e3500000| PB 0x00000000e3500000| Untracked 
| 566|0x00000000e3600000, 0x00000000e3600000, 0x00000000e3700000|  0%| F|  |TAMS 0x00000000e3600000| PB 0x00000000e3600000| Untracked 
| 567|0x00000000e3700000, 0x00000000e3700000, 0x00000000e3800000|  0%| F|  |TAMS 0x00000000e3700000| PB 0x00000000e3700000| Untracked 
| 568|0x00000000e3800000, 0x00000000e3900000, 0x00000000e3900000|100%|HS|  |TAMS 0x00000000e3800000| PB 0x00000000e3800000| Complete 
| 569|0x00000000e3900000, 0x00000000e3a00000, 0x00000000e3a00000|100%|HC|  |TAMS 0x00000000e3900000| PB 0x00000000e3900000| Complete 
| 570|0x00000000e3a00000, 0x00000000e3b00000, 0x00000000e3b00000|100%|HS|  |TAMS 0x00000000e3a00000| PB 0x00000000e3a00000| Complete 
| 571|0x00000000e3b00000, 0x00000000e3b00000, 0x00000000e3c00000|  0%| F|  |TAMS 0x00000000e3b00000| PB 0x00000000e3b00000| Untracked 
| 572|0x00000000e3c00000, 0x00000000e3c00000, 0x00000000e3d00000|  0%| F|  |TAMS 0x00000000e3c00000| PB 0x00000000e3c00000| Untracked 
| 573|0x00000000e3d00000, 0x00000000e3d00000, 0x00000000e3e00000|  0%| F|  |TAMS 0x00000000e3d00000| PB 0x00000000e3d00000| Untracked 
| 574|0x00000000e3e00000, 0x00000000e3e00000, 0x00000000e3f00000|  0%| F|  |TAMS 0x00000000e3e00000| PB 0x00000000e3e00000| Untracked 
| 575|0x00000000e3f00000, 0x00000000e4000000, 0x00000000e4000000|100%|HS|  |TAMS 0x00000000e3f00000| PB 0x00000000e3f00000| Complete 
| 576|0x00000000e4000000, 0x00000000e4000000, 0x00000000e4100000|  0%| F|  |TAMS 0x00000000e4000000| PB 0x00000000e4000000| Untracked 
| 577|0x00000000e4100000, 0x00000000e4100000, 0x00000000e4200000|  0%| F|  |TAMS 0x00000000e4100000| PB 0x00000000e4100000| Untracked 
| 578|0x00000000e4200000, 0x00000000e4300000, 0x00000000e4300000|100%|HS|  |TAMS 0x00000000e4200000| PB 0x00000000e4200000| Complete 
| 579|0x00000000e4300000, 0x00000000e4300000, 0x00000000e4400000|  0%| F|  |TAMS 0x00000000e4300000| PB 0x00000000e4300000| Untracked 
| 580|0x00000000e4400000, 0x00000000e4400000, 0x00000000e4500000|  0%| F|  |TAMS 0x00000000e4400000| PB 0x00000000e4400000| Untracked 
| 581|0x00000000e4500000, 0x00000000e4500000, 0x00000000e4600000|  0%| F|  |TAMS 0x00000000e4500000| PB 0x00000000e4500000| Untracked 
| 582|0x00000000e4600000, 0x00000000e4600000, 0x00000000e4700000|  0%| F|  |TAMS 0x00000000e4600000| PB 0x00000000e4600000| Untracked 
| 583|0x00000000e4700000, 0x00000000e4800000, 0x00000000e4800000|100%|HS|  |TAMS 0x00000000e4700000| PB 0x00000000e4700000| Complete 
| 584|0x00000000e4800000, 0x00000000e4900000, 0x00000000e4900000|100%|HC|  |TAMS 0x00000000e4800000| PB 0x00000000e4800000| Complete 
| 585|0x00000000e4900000, 0x00000000e4900000, 0x00000000e4a00000|  0%| F|  |TAMS 0x00000000e4900000| PB 0x00000000e4900000| Untracked 
| 586|0x00000000e4a00000, 0x00000000e4a00000, 0x00000000e4b00000|  0%| F|  |TAMS 0x00000000e4a00000| PB 0x00000000e4a00000| Untracked 
| 587|0x00000000e4b00000, 0x00000000e4b00000, 0x00000000e4c00000|  0%| F|  |TAMS 0x00000000e4b00000| PB 0x00000000e4b00000| Untracked 
| 588|0x00000000e4c00000, 0x00000000e4c00000, 0x00000000e4d00000|  0%| F|  |TAMS 0x00000000e4c00000| PB 0x00000000e4c00000| Untracked 
| 589|0x00000000e4d00000, 0x00000000e4d00000, 0x00000000e4e00000|  0%| F|  |TAMS 0x00000000e4d00000| PB 0x00000000e4d00000| Untracked 
| 590|0x00000000e4e00000, 0x00000000e4e00000, 0x00000000e4f00000|  0%| F|  |TAMS 0x00000000e4e00000| PB 0x00000000e4e00000| Untracked 
| 591|0x00000000e4f00000, 0x00000000e4f00000, 0x00000000e5000000|  0%| F|  |TAMS 0x00000000e4f00000| PB 0x00000000e4f00000| Untracked 
| 592|0x00000000e5000000, 0x00000000e5100000, 0x00000000e5100000|100%|HS|  |TAMS 0x00000000e5000000| PB 0x00000000e5000000| Complete 
| 593|0x00000000e5100000, 0x00000000e5100000, 0x00000000e5200000|  0%| F|  |TAMS 0x00000000e5100000| PB 0x00000000e5100000| Untracked 
| 594|0x00000000e5200000, 0x00000000e5200000, 0x00000000e5300000|  0%| F|  |TAMS 0x00000000e5200000| PB 0x00000000e5200000| Untracked 
| 595|0x00000000e5300000, 0x00000000e5400000, 0x00000000e5400000|100%|HS|  |TAMS 0x00000000e5300000| PB 0x00000000e5300000| Complete 
| 596|0x00000000e5400000, 0x00000000e5500000, 0x00000000e5500000|100%|HS|  |TAMS 0x00000000e5400000| PB 0x00000000e5400000| Complete 
| 597|0x00000000e5500000, 0x00000000e5600000, 0x00000000e5600000|100%|HC|  |TAMS 0x00000000e5500000| PB 0x00000000e5500000| Complete 
| 598|0x00000000e5600000, 0x00000000e5700000, 0x00000000e5700000|100%|HS|  |TAMS 0x00000000e5600000| PB 0x00000000e5600000| Complete 
| 599|0x00000000e5700000, 0x00000000e5700000, 0x00000000e5800000|  0%| F|  |TAMS 0x00000000e5700000| PB 0x00000000e5700000| Untracked 
| 600|0x00000000e5800000, 0x00000000e5800000, 0x00000000e5900000|  0%| F|  |TAMS 0x00000000e5800000| PB 0x00000000e5800000| Untracked 
| 601|0x00000000e5900000, 0x00000000e5900000, 0x00000000e5a00000|  0%| F|  |TAMS 0x00000000e5900000| PB 0x00000000e5900000| Untracked 
| 602|0x00000000e5a00000, 0x00000000e5a00000, 0x00000000e5b00000|  0%| F|  |TAMS 0x00000000e5a00000| PB 0x00000000e5a00000| Untracked 
| 603|0x00000000e5b00000, 0x00000000e5b00000, 0x00000000e5c00000|  0%| F|  |TAMS 0x00000000e5b00000| PB 0x00000000e5b00000| Untracked 
| 604|0x00000000e5c00000, 0x00000000e5c00000, 0x00000000e5d00000|  0%| F|  |TAMS 0x00000000e5c00000| PB 0x00000000e5c00000| Untracked 
| 605|0x00000000e5d00000, 0x00000000e5d00000, 0x00000000e5e00000|  0%| F|  |TAMS 0x00000000e5d00000| PB 0x00000000e5d00000| Untracked 
| 606|0x00000000e5e00000, 0x00000000e5e00000, 0x00000000e5f00000|  0%| F|  |TAMS 0x00000000e5e00000| PB 0x00000000e5e00000| Untracked 
| 607|0x00000000e5f00000, 0x00000000e5f00000, 0x00000000e6000000|  0%| F|  |TAMS 0x00000000e5f00000| PB 0x00000000e5f00000| Untracked 
| 608|0x00000000e6000000, 0x00000000e6000000, 0x00000000e6100000|  0%| F|  |TAMS 0x00000000e6000000| PB 0x00000000e6000000| Untracked 
| 609|0x00000000e6100000, 0x00000000e6100000, 0x00000000e6200000|  0%| F|  |TAMS 0x00000000e6100000| PB 0x00000000e6100000| Untracked 
| 610|0x00000000e6200000, 0x00000000e6200000, 0x00000000e6300000|  0%| F|  |TAMS 0x00000000e6200000| PB 0x00000000e6200000| Untracked 
| 611|0x00000000e6300000, 0x00000000e6300000, 0x00000000e6400000|  0%| F|  |TAMS 0x00000000e6300000| PB 0x00000000e6300000| Untracked 
| 612|0x00000000e6400000, 0x00000000e6400000, 0x00000000e6500000|  0%| F|  |TAMS 0x00000000e6400000| PB 0x00000000e6400000| Untracked 
| 613|0x00000000e6500000, 0x00000000e6500000, 0x00000000e6600000|  0%| F|  |TAMS 0x00000000e6500000| PB 0x00000000e6500000| Untracked 
| 614|0x00000000e6600000, 0x00000000e6600000, 0x00000000e6700000|  0%| F|  |TAMS 0x00000000e6600000| PB 0x00000000e6600000| Untracked 
| 615|0x00000000e6700000, 0x00000000e6700000, 0x00000000e6800000|  0%| F|  |TAMS 0x00000000e6700000| PB 0x00000000e6700000| Untracked 
| 616|0x00000000e6800000, 0x00000000e6800000, 0x00000000e6900000|  0%| F|  |TAMS 0x00000000e6800000| PB 0x00000000e6800000| Untracked 
| 617|0x00000000e6900000, 0x00000000e6900000, 0x00000000e6a00000|  0%| F|  |TAMS 0x00000000e6900000| PB 0x00000000e6900000| Untracked 
| 618|0x00000000e6a00000, 0x00000000e6a00000, 0x00000000e6b00000|  0%| F|  |TAMS 0x00000000e6a00000| PB 0x00000000e6a00000| Untracked 
| 619|0x00000000e6b00000, 0x00000000e6b00000, 0x00000000e6c00000|  0%| F|  |TAMS 0x00000000e6b00000| PB 0x00000000e6b00000| Untracked 
| 620|0x00000000e6c00000, 0x00000000e6c00000, 0x00000000e6d00000|  0%| F|  |TAMS 0x00000000e6c00000| PB 0x00000000e6c00000| Untracked 
| 621|0x00000000e6d00000, 0x00000000e6d00000, 0x00000000e6e00000|  0%| F|  |TAMS 0x00000000e6d00000| PB 0x00000000e6d00000| Untracked 
| 622|0x00000000e6e00000, 0x00000000e6e00000, 0x00000000e6f00000|  0%| F|  |TAMS 0x00000000e6e00000| PB 0x00000000e6e00000| Untracked 
| 623|0x00000000e6f00000, 0x00000000e6f00000, 0x00000000e7000000|  0%| F|  |TAMS 0x00000000e6f00000| PB 0x00000000e6f00000| Untracked 
| 624|0x00000000e7000000, 0x00000000e7000000, 0x00000000e7100000|  0%| F|  |TAMS 0x00000000e7000000| PB 0x00000000e7000000| Untracked 
| 625|0x00000000e7100000, 0x00000000e7100000, 0x00000000e7200000|  0%| F|  |TAMS 0x00000000e7100000| PB 0x00000000e7100000| Untracked 
| 626|0x00000000e7200000, 0x00000000e7200000, 0x00000000e7300000|  0%| F|  |TAMS 0x00000000e7200000| PB 0x00000000e7200000| Untracked 
| 627|0x00000000e7300000, 0x00000000e7300000, 0x00000000e7400000|  0%| F|  |TAMS 0x00000000e7300000| PB 0x00000000e7300000| Untracked 
| 628|0x00000000e7400000, 0x00000000e7400000, 0x00000000e7500000|  0%| F|  |TAMS 0x00000000e7400000| PB 0x00000000e7400000| Untracked 
| 629|0x00000000e7500000, 0x00000000e7500000, 0x00000000e7600000|  0%| F|  |TAMS 0x00000000e7500000| PB 0x00000000e7500000| Untracked 
| 630|0x00000000e7600000, 0x00000000e7600000, 0x00000000e7700000|  0%| F|  |TAMS 0x00000000e7600000| PB 0x00000000e7600000| Untracked 
| 631|0x00000000e7700000, 0x00000000e7700000, 0x00000000e7800000|  0%| F|  |TAMS 0x00000000e7700000| PB 0x00000000e7700000| Untracked 
| 632|0x00000000e7800000, 0x00000000e7800000, 0x00000000e7900000|  0%| F|  |TAMS 0x00000000e7800000| PB 0x00000000e7800000| Untracked 
| 633|0x00000000e7900000, 0x00000000e7900000, 0x00000000e7a00000|  0%| F|  |TAMS 0x00000000e7900000| PB 0x00000000e7900000| Untracked 
| 634|0x00000000e7a00000, 0x00000000e7a00000, 0x00000000e7b00000|  0%| F|  |TAMS 0x00000000e7a00000| PB 0x00000000e7a00000| Untracked 
| 635|0x00000000e7b00000, 0x00000000e7b00000, 0x00000000e7c00000|  0%| F|  |TAMS 0x00000000e7b00000| PB 0x00000000e7b00000| Untracked 
| 636|0x00000000e7c00000, 0x00000000e7c00000, 0x00000000e7d00000|  0%| F|  |TAMS 0x00000000e7c00000| PB 0x00000000e7c00000| Untracked 
| 637|0x00000000e7d00000, 0x00000000e7d00000, 0x00000000e7e00000|  0%| F|  |TAMS 0x00000000e7d00000| PB 0x00000000e7d00000| Untracked 
| 638|0x00000000e7e00000, 0x00000000e7e00000, 0x00000000e7f00000|  0%| F|  |TAMS 0x00000000e7e00000| PB 0x00000000e7e00000| Untracked 
| 639|0x00000000e7f00000, 0x00000000e7f00000, 0x00000000e8000000|  0%| F|  |TAMS 0x00000000e7f00000| PB 0x00000000e7f00000| Untracked 
| 640|0x00000000e8000000, 0x00000000e8000000, 0x00000000e8100000|  0%| F|  |TAMS 0x00000000e8000000| PB 0x00000000e8000000| Untracked 
| 641|0x00000000e8100000, 0x00000000e8100000, 0x00000000e8200000|  0%| F|  |TAMS 0x00000000e8100000| PB 0x00000000e8100000| Untracked 
| 642|0x00000000e8200000, 0x00000000e8200000, 0x00000000e8300000|  0%| F|  |TAMS 0x00000000e8200000| PB 0x00000000e8200000| Untracked 
| 643|0x00000000e8300000, 0x00000000e8300000, 0x00000000e8400000|  0%| F|  |TAMS 0x00000000e8300000| PB 0x00000000e8300000| Untracked 
| 644|0x00000000e8400000, 0x00000000e8400000, 0x00000000e8500000|  0%| F|  |TAMS 0x00000000e8400000| PB 0x00000000e8400000| Untracked 
| 645|0x00000000e8500000, 0x00000000e8500000, 0x00000000e8600000|  0%| F|  |TAMS 0x00000000e8500000| PB 0x00000000e8500000| Untracked 
| 646|0x00000000e8600000, 0x00000000e8600000, 0x00000000e8700000|  0%| F|  |TAMS 0x00000000e8600000| PB 0x00000000e8600000| Untracked 
| 647|0x00000000e8700000, 0x00000000e8700000, 0x00000000e8800000|  0%| F|  |TAMS 0x00000000e8700000| PB 0x00000000e8700000| Untracked 
| 648|0x00000000e8800000, 0x00000000e8800000, 0x00000000e8900000|  0%| F|  |TAMS 0x00000000e8800000| PB 0x00000000e8800000| Untracked 
| 649|0x00000000e8900000, 0x00000000e8900000, 0x00000000e8a00000|  0%| F|  |TAMS 0x00000000e8900000| PB 0x00000000e8900000| Untracked 
| 650|0x00000000e8a00000, 0x00000000e8a00000, 0x00000000e8b00000|  0%| F|  |TAMS 0x00000000e8a00000| PB 0x00000000e8a00000| Untracked 
| 651|0x00000000e8b00000, 0x00000000e8b00000, 0x00000000e8c00000|  0%| F|  |TAMS 0x00000000e8b00000| PB 0x00000000e8b00000| Untracked 
| 652|0x00000000e8c00000, 0x00000000e8c00000, 0x00000000e8d00000|  0%| F|  |TAMS 0x00000000e8c00000| PB 0x00000000e8c00000| Untracked 
| 653|0x00000000e8d00000, 0x00000000e8d00000, 0x00000000e8e00000|  0%| F|  |TAMS 0x00000000e8d00000| PB 0x00000000e8d00000| Untracked 
| 654|0x00000000e8e00000, 0x00000000e8e00000, 0x00000000e8f00000|  0%| F|  |TAMS 0x00000000e8e00000| PB 0x00000000e8e00000| Untracked 
| 655|0x00000000e8f00000, 0x00000000e8f00000, 0x00000000e9000000|  0%| F|  |TAMS 0x00000000e8f00000| PB 0x00000000e8f00000| Untracked 
| 656|0x00000000e9000000, 0x00000000e9000000, 0x00000000e9100000|  0%| F|  |TAMS 0x00000000e9000000| PB 0x00000000e9000000| Untracked 
| 657|0x00000000e9100000, 0x00000000e9100000, 0x00000000e9200000|  0%| F|  |TAMS 0x00000000e9100000| PB 0x00000000e9100000| Untracked 
| 658|0x00000000e9200000, 0x00000000e9200000, 0x00000000e9300000|  0%| F|  |TAMS 0x00000000e9200000| PB 0x00000000e9200000| Untracked 
| 659|0x00000000e9300000, 0x00000000e9300000, 0x00000000e9400000|  0%| F|  |TAMS 0x00000000e9300000| PB 0x00000000e9300000| Untracked 
| 660|0x00000000e9400000, 0x00000000e9500000, 0x00000000e9500000|100%| S|CS|TAMS 0x00000000e9400000| PB 0x00000000e9400000| Complete 
| 661|0x00000000e9500000, 0x00000000e9600000, 0x00000000e9600000|100%| S|CS|TAMS 0x00000000e9500000| PB 0x00000000e9500000| Complete 
| 662|0x00000000e9600000, 0x00000000e9700000, 0x00000000e9700000|100%| S|CS|TAMS 0x00000000e9600000| PB 0x00000000e9600000| Complete 
| 663|0x00000000e9700000, 0x00000000e9800000, 0x00000000e9800000|100%| S|CS|TAMS 0x00000000e9700000| PB 0x00000000e9700000| Complete 
| 664|0x00000000e9800000, 0x00000000e9900000, 0x00000000e9900000|100%| S|CS|TAMS 0x00000000e9800000| PB 0x00000000e9800000| Complete 
| 665|0x00000000e9900000, 0x00000000e9a00000, 0x00000000e9a00000|100%| S|CS|TAMS 0x00000000e9900000| PB 0x00000000e9900000| Complete 
| 666|0x00000000e9a00000, 0x00000000e9b00000, 0x00000000e9b00000|100%| S|CS|TAMS 0x00000000e9a00000| PB 0x00000000e9a00000| Complete 
| 667|0x00000000e9b00000, 0x00000000e9c00000, 0x00000000e9c00000|100%| S|CS|TAMS 0x00000000e9b00000| PB 0x00000000e9b00000| Complete 
| 668|0x00000000e9c00000, 0x00000000e9d00000, 0x00000000e9d00000|100%| S|CS|TAMS 0x00000000e9c00000| PB 0x00000000e9c00000| Complete 
| 669|0x00000000e9d00000, 0x00000000e9e00000, 0x00000000e9e00000|100%| S|CS|TAMS 0x00000000e9d00000| PB 0x00000000e9d00000| Complete 
| 670|0x00000000e9e00000, 0x00000000e9f00000, 0x00000000e9f00000|100%| S|CS|TAMS 0x00000000e9e00000| PB 0x00000000e9e00000| Complete 
| 671|0x00000000e9f00000, 0x00000000ea000000, 0x00000000ea000000|100%| S|CS|TAMS 0x00000000e9f00000| PB 0x00000000e9f00000| Complete 
| 672|0x00000000ea000000, 0x00000000ea100000, 0x00000000ea100000|100%| S|CS|TAMS 0x00000000ea000000| PB 0x00000000ea000000| Complete 
| 673|0x00000000ea100000, 0x00000000ea200000, 0x00000000ea200000|100%| S|CS|TAMS 0x00000000ea100000| PB 0x00000000ea100000| Complete 
| 674|0x00000000ea200000, 0x00000000ea300000, 0x00000000ea300000|100%| S|CS|TAMS 0x00000000ea200000| PB 0x00000000ea200000| Complete 
| 675|0x00000000ea300000, 0x00000000ea400000, 0x00000000ea400000|100%| S|CS|TAMS 0x00000000ea300000| PB 0x00000000ea300000| Complete 
| 676|0x00000000ea400000, 0x00000000ea500000, 0x00000000ea500000|100%| S|CS|TAMS 0x00000000ea400000| PB 0x00000000ea400000| Complete 
| 677|0x00000000ea500000, 0x00000000ea600000, 0x00000000ea600000|100%| S|CS|TAMS 0x00000000ea500000| PB 0x00000000ea500000| Complete 
| 678|0x00000000ea600000, 0x00000000ea700000, 0x00000000ea700000|100%| S|CS|TAMS 0x00000000ea600000| PB 0x00000000ea600000| Complete 
| 679|0x00000000ea700000, 0x00000000ea800000, 0x00000000ea800000|100%| S|CS|TAMS 0x00000000ea700000| PB 0x00000000ea700000| Complete 
| 680|0x00000000ea800000, 0x00000000ea900000, 0x00000000ea900000|100%| S|CS|TAMS 0x00000000ea800000| PB 0x00000000ea800000| Complete 
| 681|0x00000000ea900000, 0x00000000ea900000, 0x00000000eaa00000|  0%| F|  |TAMS 0x00000000ea900000| PB 0x00000000ea900000| Untracked 
| 682|0x00000000eaa00000, 0x00000000eaa00000, 0x00000000eab00000|  0%| F|  |TAMS 0x00000000eaa00000| PB 0x00000000eaa00000| Untracked 
| 683|0x00000000eab00000, 0x00000000eab00000, 0x00000000eac00000|  0%| F|  |TAMS 0x00000000eab00000| PB 0x00000000eab00000| Untracked 
| 684|0x00000000eac00000, 0x00000000eac00000, 0x00000000ead00000|  0%| F|  |TAMS 0x00000000eac00000| PB 0x00000000eac00000| Untracked 
| 685|0x00000000ead00000, 0x00000000ead00000, 0x00000000eae00000|  0%| F|  |TAMS 0x00000000ead00000| PB 0x00000000ead00000| Untracked 
| 686|0x00000000eae00000, 0x00000000eae00000, 0x00000000eaf00000|  0%| F|  |TAMS 0x00000000eae00000| PB 0x00000000eae00000| Untracked 
| 687|0x00000000eaf00000, 0x00000000eaf00000, 0x00000000eb000000|  0%| F|  |TAMS 0x00000000eaf00000| PB 0x00000000eaf00000| Untracked 
| 688|0x00000000eb000000, 0x00000000eb000000, 0x00000000eb100000|  0%| F|  |TAMS 0x00000000eb000000| PB 0x00000000eb000000| Untracked 
| 689|0x00000000eb100000, 0x00000000eb100000, 0x00000000eb200000|  0%| F|  |TAMS 0x00000000eb100000| PB 0x00000000eb100000| Untracked 
| 690|0x00000000eb200000, 0x00000000eb200000, 0x00000000eb300000|  0%| F|  |TAMS 0x00000000eb200000| PB 0x00000000eb200000| Untracked 
| 691|0x00000000eb300000, 0x00000000eb300000, 0x00000000eb400000|  0%| F|  |TAMS 0x00000000eb300000| PB 0x00000000eb300000| Untracked 
| 692|0x00000000eb400000, 0x00000000eb400000, 0x00000000eb500000|  0%| F|  |TAMS 0x00000000eb400000| PB 0x00000000eb400000| Untracked 
| 693|0x00000000eb500000, 0x00000000eb500000, 0x00000000eb600000|  0%| F|  |TAMS 0x00000000eb500000| PB 0x00000000eb500000| Untracked 
| 694|0x00000000eb600000, 0x00000000eb600000, 0x00000000eb700000|  0%| F|  |TAMS 0x00000000eb600000| PB 0x00000000eb600000| Untracked 
| 695|0x00000000eb700000, 0x00000000eb700000, 0x00000000eb800000|  0%| F|  |TAMS 0x00000000eb700000| PB 0x00000000eb700000| Untracked 
| 696|0x00000000eb800000, 0x00000000eb800000, 0x00000000eb900000|  0%| F|  |TAMS 0x00000000eb800000| PB 0x00000000eb800000| Untracked 
| 697|0x00000000eb900000, 0x00000000eb900000, 0x00000000eba00000|  0%| F|  |TAMS 0x00000000eb900000| PB 0x00000000eb900000| Untracked 
| 698|0x00000000eba00000, 0x00000000eba00000, 0x00000000ebb00000|  0%| F|  |TAMS 0x00000000eba00000| PB 0x00000000eba00000| Untracked 
| 699|0x00000000ebb00000, 0x00000000ebb00000, 0x00000000ebc00000|  0%| F|  |TAMS 0x00000000ebb00000| PB 0x00000000ebb00000| Untracked 
| 700|0x00000000ebc00000, 0x00000000ebc00000, 0x00000000ebd00000|  0%| F|  |TAMS 0x00000000ebc00000| PB 0x00000000ebc00000| Untracked 
| 701|0x00000000ebd00000, 0x00000000ebd00000, 0x00000000ebe00000|  0%| F|  |TAMS 0x00000000ebd00000| PB 0x00000000ebd00000| Untracked 
| 702|0x00000000ebe00000, 0x00000000ebe00000, 0x00000000ebf00000|  0%| F|  |TAMS 0x00000000ebe00000| PB 0x00000000ebe00000| Untracked 
| 703|0x00000000ebf00000, 0x00000000ebf00000, 0x00000000ec000000|  0%| F|  |TAMS 0x00000000ebf00000| PB 0x00000000ebf00000| Untracked 
| 704|0x00000000ec000000, 0x00000000ec000000, 0x00000000ec100000|  0%| F|  |TAMS 0x00000000ec000000| PB 0x00000000ec000000| Untracked 
| 705|0x00000000ec100000, 0x00000000ec100000, 0x00000000ec200000|  0%| F|  |TAMS 0x00000000ec100000| PB 0x00000000ec100000| Untracked 
| 706|0x00000000ec200000, 0x00000000ec200000, 0x00000000ec300000|  0%| F|  |TAMS 0x00000000ec200000| PB 0x00000000ec200000| Untracked 
| 707|0x00000000ec300000, 0x00000000ec300000, 0x00000000ec400000|  0%| F|  |TAMS 0x00000000ec300000| PB 0x00000000ec300000| Untracked 
| 708|0x00000000ec400000, 0x00000000ec400000, 0x00000000ec500000|  0%| F|  |TAMS 0x00000000ec400000| PB 0x00000000ec400000| Untracked 
| 709|0x00000000ec500000, 0x00000000ec500000, 0x00000000ec600000|  0%| F|  |TAMS 0x00000000ec500000| PB 0x00000000ec500000| Untracked 
| 710|0x00000000ec600000, 0x00000000ec600000, 0x00000000ec700000|  0%| F|  |TAMS 0x00000000ec600000| PB 0x00000000ec600000| Untracked 
| 711|0x00000000ec700000, 0x00000000ec700000, 0x00000000ec800000|  0%| F|  |TAMS 0x00000000ec700000| PB 0x00000000ec700000| Untracked 
| 712|0x00000000ec800000, 0x00000000ec800000, 0x00000000ec900000|  0%| F|  |TAMS 0x00000000ec800000| PB 0x00000000ec800000| Untracked 
| 713|0x00000000ec900000, 0x00000000ec900000, 0x00000000eca00000|  0%| F|  |TAMS 0x00000000ec900000| PB 0x00000000ec900000| Untracked 
| 714|0x00000000eca00000, 0x00000000eca00000, 0x00000000ecb00000|  0%| F|  |TAMS 0x00000000eca00000| PB 0x00000000eca00000| Untracked 
| 715|0x00000000ecb00000, 0x00000000ecb00000, 0x00000000ecc00000|  0%| F|  |TAMS 0x00000000ecb00000| PB 0x00000000ecb00000| Untracked 
| 716|0x00000000ecc00000, 0x00000000ecc00000, 0x00000000ecd00000|  0%| F|  |TAMS 0x00000000ecc00000| PB 0x00000000ecc00000| Untracked 
| 717|0x00000000ecd00000, 0x00000000ecd00000, 0x00000000ece00000|  0%| F|  |TAMS 0x00000000ecd00000| PB 0x00000000ecd00000| Untracked 
| 718|0x00000000ece00000, 0x00000000ece00000, 0x00000000ecf00000|  0%| F|  |TAMS 0x00000000ece00000| PB 0x00000000ece00000| Untracked 
| 719|0x00000000ecf00000, 0x00000000ecf00000, 0x00000000ed000000|  0%| F|  |TAMS 0x00000000ecf00000| PB 0x00000000ecf00000| Untracked 
| 720|0x00000000ed000000, 0x00000000ed000000, 0x00000000ed100000|  0%| F|  |TAMS 0x00000000ed000000| PB 0x00000000ed000000| Untracked 
| 721|0x00000000ed100000, 0x00000000ed100000, 0x00000000ed200000|  0%| F|  |TAMS 0x00000000ed100000| PB 0x00000000ed100000| Untracked 
| 722|0x00000000ed200000, 0x00000000ed200000, 0x00000000ed300000|  0%| F|  |TAMS 0x00000000ed200000| PB 0x00000000ed200000| Untracked 
| 723|0x00000000ed300000, 0x00000000ed300000, 0x00000000ed400000|  0%| F|  |TAMS 0x00000000ed300000| PB 0x00000000ed300000| Untracked 
| 724|0x00000000ed400000, 0x00000000ed400000, 0x00000000ed500000|  0%| F|  |TAMS 0x00000000ed400000| PB 0x00000000ed400000| Untracked 
| 725|0x00000000ed500000, 0x00000000ed500000, 0x00000000ed600000|  0%| F|  |TAMS 0x00000000ed500000| PB 0x00000000ed500000| Untracked 
| 726|0x00000000ed600000, 0x00000000ed600000, 0x00000000ed700000|  0%| F|  |TAMS 0x00000000ed600000| PB 0x00000000ed600000| Untracked 
| 727|0x00000000ed700000, 0x00000000ed700000, 0x00000000ed800000|  0%| F|  |TAMS 0x00000000ed700000| PB 0x00000000ed700000| Untracked 
| 728|0x00000000ed800000, 0x00000000ed800000, 0x00000000ed900000|  0%| F|  |TAMS 0x00000000ed800000| PB 0x00000000ed800000| Untracked 
| 729|0x00000000ed900000, 0x00000000ed900000, 0x00000000eda00000|  0%| F|  |TAMS 0x00000000ed900000| PB 0x00000000ed900000| Untracked 
| 730|0x00000000eda00000, 0x00000000eda00000, 0x00000000edb00000|  0%| F|  |TAMS 0x00000000eda00000| PB 0x00000000eda00000| Untracked 
| 731|0x00000000edb00000, 0x00000000edb00000, 0x00000000edc00000|  0%| F|  |TAMS 0x00000000edb00000| PB 0x00000000edb00000| Untracked 
| 732|0x00000000edc00000, 0x00000000edc00000, 0x00000000edd00000|  0%| F|  |TAMS 0x00000000edc00000| PB 0x00000000edc00000| Untracked 
| 733|0x00000000edd00000, 0x00000000edd00000, 0x00000000ede00000|  0%| F|  |TAMS 0x00000000edd00000| PB 0x00000000edd00000| Untracked 
| 734|0x00000000ede00000, 0x00000000ede00000, 0x00000000edf00000|  0%| F|  |TAMS 0x00000000ede00000| PB 0x00000000ede00000| Untracked 
| 735|0x00000000edf00000, 0x00000000edf00000, 0x00000000ee000000|  0%| F|  |TAMS 0x00000000edf00000| PB 0x00000000edf00000| Untracked 
| 736|0x00000000ee000000, 0x00000000ee000000, 0x00000000ee100000|  0%| F|  |TAMS 0x00000000ee000000| PB 0x00000000ee000000| Untracked 
| 737|0x00000000ee100000, 0x00000000ee100000, 0x00000000ee200000|  0%| F|  |TAMS 0x00000000ee100000| PB 0x00000000ee100000| Untracked 
| 738|0x00000000ee200000, 0x00000000ee200000, 0x00000000ee300000|  0%| F|  |TAMS 0x00000000ee200000| PB 0x00000000ee200000| Untracked 
| 739|0x00000000ee300000, 0x00000000ee300000, 0x00000000ee400000|  0%| F|  |TAMS 0x00000000ee300000| PB 0x00000000ee300000| Untracked 
| 740|0x00000000ee400000, 0x00000000ee400000, 0x00000000ee500000|  0%| F|  |TAMS 0x00000000ee400000| PB 0x00000000ee400000| Untracked 
| 741|0x00000000ee500000, 0x00000000ee500000, 0x00000000ee600000|  0%| F|  |TAMS 0x00000000ee500000| PB 0x00000000ee500000| Untracked 
| 742|0x00000000ee600000, 0x00000000ee600000, 0x00000000ee700000|  0%| F|  |TAMS 0x00000000ee600000| PB 0x00000000ee600000| Untracked 
| 743|0x00000000ee700000, 0x00000000ee700000, 0x00000000ee800000|  0%| F|  |TAMS 0x00000000ee700000| PB 0x00000000ee700000| Untracked 
| 744|0x00000000ee800000, 0x00000000ee800000, 0x00000000ee900000|  0%| F|  |TAMS 0x00000000ee800000| PB 0x00000000ee800000| Untracked 
| 745|0x00000000ee900000, 0x00000000ee900000, 0x00000000eea00000|  0%| F|  |TAMS 0x00000000ee900000| PB 0x00000000ee900000| Untracked 
| 746|0x00000000eea00000, 0x00000000eea00000, 0x00000000eeb00000|  0%| F|  |TAMS 0x00000000eea00000| PB 0x00000000eea00000| Untracked 
| 747|0x00000000eeb00000, 0x00000000eeb00000, 0x00000000eec00000|  0%| F|  |TAMS 0x00000000eeb00000| PB 0x00000000eeb00000| Untracked 
| 748|0x00000000eec00000, 0x00000000eec00000, 0x00000000eed00000|  0%| F|  |TAMS 0x00000000eec00000| PB 0x00000000eec00000| Untracked 
| 749|0x00000000eed00000, 0x00000000eed00000, 0x00000000eee00000|  0%| F|  |TAMS 0x00000000eed00000| PB 0x00000000eed00000| Untracked 
| 750|0x00000000eee00000, 0x00000000eee00000, 0x00000000eef00000|  0%| F|  |TAMS 0x00000000eee00000| PB 0x00000000eee00000| Untracked 
| 751|0x00000000eef00000, 0x00000000eef00000, 0x00000000ef000000|  0%| F|  |TAMS 0x00000000eef00000| PB 0x00000000eef00000| Untracked 
| 752|0x00000000ef000000, 0x00000000ef000000, 0x00000000ef100000|  0%| F|  |TAMS 0x00000000ef000000| PB 0x00000000ef000000| Untracked 
| 753|0x00000000ef100000, 0x00000000ef100000, 0x00000000ef200000|  0%| F|  |TAMS 0x00000000ef100000| PB 0x00000000ef100000| Untracked 
| 754|0x00000000ef200000, 0x00000000ef200000, 0x00000000ef300000|  0%| F|  |TAMS 0x00000000ef200000| PB 0x00000000ef200000| Untracked 
| 755|0x00000000ef300000, 0x00000000ef300000, 0x00000000ef400000|  0%| F|  |TAMS 0x00000000ef300000| PB 0x00000000ef300000| Untracked 
| 756|0x00000000ef400000, 0x00000000ef400000, 0x00000000ef500000|  0%| F|  |TAMS 0x00000000ef400000| PB 0x00000000ef400000| Untracked 
| 757|0x00000000ef500000, 0x00000000ef500000, 0x00000000ef600000|  0%| F|  |TAMS 0x00000000ef500000| PB 0x00000000ef500000| Untracked 
| 758|0x00000000ef600000, 0x00000000ef600000, 0x00000000ef700000|  0%| F|  |TAMS 0x00000000ef600000| PB 0x00000000ef600000| Untracked 
| 759|0x00000000ef700000, 0x00000000ef700000, 0x00000000ef800000|  0%| F|  |TAMS 0x00000000ef700000| PB 0x00000000ef700000| Untracked 
| 760|0x00000000ef800000, 0x00000000ef800000, 0x00000000ef900000|  0%| F|  |TAMS 0x00000000ef800000| PB 0x00000000ef800000| Untracked 
| 761|0x00000000ef900000, 0x00000000ef900000, 0x00000000efa00000|  0%| F|  |TAMS 0x00000000ef900000| PB 0x00000000ef900000| Untracked 
| 762|0x00000000efa00000, 0x00000000efa00000, 0x00000000efb00000|  0%| F|  |TAMS 0x00000000efa00000| PB 0x00000000efa00000| Untracked 
| 763|0x00000000efb00000, 0x00000000efb00000, 0x00000000efc00000|  0%| F|  |TAMS 0x00000000efb00000| PB 0x00000000efb00000| Untracked 
| 764|0x00000000efc00000, 0x00000000efc00000, 0x00000000efd00000|  0%| F|  |TAMS 0x00000000efc00000| PB 0x00000000efc00000| Untracked 
| 765|0x00000000efd00000, 0x00000000efd00000, 0x00000000efe00000|  0%| F|  |TAMS 0x00000000efd00000| PB 0x00000000efd00000| Untracked 
| 766|0x00000000efe00000, 0x00000000efe00000, 0x00000000eff00000|  0%| F|  |TAMS 0x00000000efe00000| PB 0x00000000efe00000| Untracked 
| 767|0x00000000eff00000, 0x00000000eff00000, 0x00000000f0000000|  0%| F|  |TAMS 0x00000000eff00000| PB 0x00000000eff00000| Untracked 
| 768|0x00000000f0000000, 0x00000000f0000000, 0x00000000f0100000|  0%| F|  |TAMS 0x00000000f0000000| PB 0x00000000f0000000| Untracked 
| 769|0x00000000f0100000, 0x00000000f0100000, 0x00000000f0200000|  0%| F|  |TAMS 0x00000000f0100000| PB 0x00000000f0100000| Untracked 
| 770|0x00000000f0200000, 0x00000000f0200000, 0x00000000f0300000|  0%| F|  |TAMS 0x00000000f0200000| PB 0x00000000f0200000| Untracked 
| 771|0x00000000f0300000, 0x00000000f0300000, 0x00000000f0400000|  0%| F|  |TAMS 0x00000000f0300000| PB 0x00000000f0300000| Untracked 
| 772|0x00000000f0400000, 0x00000000f0400000, 0x00000000f0500000|  0%| F|  |TAMS 0x00000000f0400000| PB 0x00000000f0400000| Untracked 
| 773|0x00000000f0500000, 0x00000000f0500000, 0x00000000f0600000|  0%| F|  |TAMS 0x00000000f0500000| PB 0x00000000f0500000| Untracked 
| 774|0x00000000f0600000, 0x00000000f0600000, 0x00000000f0700000|  0%| F|  |TAMS 0x00000000f0600000| PB 0x00000000f0600000| Untracked 
| 775|0x00000000f0700000, 0x00000000f0700000, 0x00000000f0800000|  0%| F|  |TAMS 0x00000000f0700000| PB 0x00000000f0700000| Untracked 
| 776|0x00000000f0800000, 0x00000000f0800000, 0x00000000f0900000|  0%| F|  |TAMS 0x00000000f0800000| PB 0x00000000f0800000| Untracked 
| 777|0x00000000f0900000, 0x00000000f0900000, 0x00000000f0a00000|  0%| F|  |TAMS 0x00000000f0900000| PB 0x00000000f0900000| Untracked 
| 778|0x00000000f0a00000, 0x00000000f0a00000, 0x00000000f0b00000|  0%| F|  |TAMS 0x00000000f0a00000| PB 0x00000000f0a00000| Untracked 
| 779|0x00000000f0b00000, 0x00000000f0b00000, 0x00000000f0c00000|  0%| F|  |TAMS 0x00000000f0b00000| PB 0x00000000f0b00000| Untracked 
| 780|0x00000000f0c00000, 0x00000000f0c00000, 0x00000000f0d00000|  0%| F|  |TAMS 0x00000000f0c00000| PB 0x00000000f0c00000| Untracked 
| 781|0x00000000f0d00000, 0x00000000f0d00000, 0x00000000f0e00000|  0%| F|  |TAMS 0x00000000f0d00000| PB 0x00000000f0d00000| Untracked 
| 782|0x00000000f0e00000, 0x00000000f0e00000, 0x00000000f0f00000|  0%| F|  |TAMS 0x00000000f0e00000| PB 0x00000000f0e00000| Untracked 
| 783|0x00000000f0f00000, 0x00000000f0f00000, 0x00000000f1000000|  0%| F|  |TAMS 0x00000000f0f00000| PB 0x00000000f0f00000| Untracked 
| 784|0x00000000f1000000, 0x00000000f1000000, 0x00000000f1100000|  0%| F|  |TAMS 0x00000000f1000000| PB 0x00000000f1000000| Untracked 
| 785|0x00000000f1100000, 0x00000000f1100000, 0x00000000f1200000|  0%| F|  |TAMS 0x00000000f1100000| PB 0x00000000f1100000| Untracked 
| 786|0x00000000f1200000, 0x00000000f1200000, 0x00000000f1300000|  0%| F|  |TAMS 0x00000000f1200000| PB 0x00000000f1200000| Untracked 
| 787|0x00000000f1300000, 0x00000000f1300000, 0x00000000f1400000|  0%| F|  |TAMS 0x00000000f1300000| PB 0x00000000f1300000| Untracked 
| 788|0x00000000f1400000, 0x00000000f1400000, 0x00000000f1500000|  0%| F|  |TAMS 0x00000000f1400000| PB 0x00000000f1400000| Untracked 
| 789|0x00000000f1500000, 0x00000000f1500000, 0x00000000f1600000|  0%| F|  |TAMS 0x00000000f1500000| PB 0x00000000f1500000| Untracked 
| 790|0x00000000f1600000, 0x00000000f1600000, 0x00000000f1700000|  0%| F|  |TAMS 0x00000000f1600000| PB 0x00000000f1600000| Untracked 
| 791|0x00000000f1700000, 0x00000000f1700000, 0x00000000f1800000|  0%| F|  |TAMS 0x00000000f1700000| PB 0x00000000f1700000| Untracked 
| 792|0x00000000f1800000, 0x00000000f1800000, 0x00000000f1900000|  0%| F|  |TAMS 0x00000000f1800000| PB 0x00000000f1800000| Untracked 
| 793|0x00000000f1900000, 0x00000000f1900000, 0x00000000f1a00000|  0%| F|  |TAMS 0x00000000f1900000| PB 0x00000000f1900000| Untracked 
| 794|0x00000000f1a00000, 0x00000000f1a00000, 0x00000000f1b00000|  0%| F|  |TAMS 0x00000000f1a00000| PB 0x00000000f1a00000| Untracked 
| 795|0x00000000f1b00000, 0x00000000f1b00000, 0x00000000f1c00000|  0%| F|  |TAMS 0x00000000f1b00000| PB 0x00000000f1b00000| Untracked 
| 796|0x00000000f1c00000, 0x00000000f1c00000, 0x00000000f1d00000|  0%| F|  |TAMS 0x00000000f1c00000| PB 0x00000000f1c00000| Untracked 
| 797|0x00000000f1d00000, 0x00000000f1d00000, 0x00000000f1e00000|  0%| F|  |TAMS 0x00000000f1d00000| PB 0x00000000f1d00000| Untracked 
| 798|0x00000000f1e00000, 0x00000000f1e00000, 0x00000000f1f00000|  0%| F|  |TAMS 0x00000000f1e00000| PB 0x00000000f1e00000| Untracked 
| 799|0x00000000f1f00000, 0x00000000f1f00000, 0x00000000f2000000|  0%| F|  |TAMS 0x00000000f1f00000| PB 0x00000000f1f00000| Untracked 
| 800|0x00000000f2000000, 0x00000000f2000000, 0x00000000f2100000|  0%| F|  |TAMS 0x00000000f2000000| PB 0x00000000f2000000| Untracked 
| 801|0x00000000f2100000, 0x00000000f2100000, 0x00000000f2200000|  0%| F|  |TAMS 0x00000000f2100000| PB 0x00000000f2100000| Untracked 
| 802|0x00000000f2200000, 0x00000000f2200000, 0x00000000f2300000|  0%| F|  |TAMS 0x00000000f2200000| PB 0x00000000f2200000| Untracked 
| 803|0x00000000f2300000, 0x00000000f2300000, 0x00000000f2400000|  0%| F|  |TAMS 0x00000000f2300000| PB 0x00000000f2300000| Untracked 
| 804|0x00000000f2400000, 0x00000000f2400000, 0x00000000f2500000|  0%| F|  |TAMS 0x00000000f2400000| PB 0x00000000f2400000| Untracked 
| 805|0x00000000f2500000, 0x00000000f2500000, 0x00000000f2600000|  0%| F|  |TAMS 0x00000000f2500000| PB 0x00000000f2500000| Untracked 
| 806|0x00000000f2600000, 0x00000000f2600000, 0x00000000f2700000|  0%| F|  |TAMS 0x00000000f2600000| PB 0x00000000f2600000| Untracked 
| 807|0x00000000f2700000, 0x00000000f2700000, 0x00000000f2800000|  0%| F|  |TAMS 0x00000000f2700000| PB 0x00000000f2700000| Untracked 
| 808|0x00000000f2800000, 0x00000000f2800000, 0x00000000f2900000|  0%| F|  |TAMS 0x00000000f2800000| PB 0x00000000f2800000| Untracked 
| 809|0x00000000f2900000, 0x00000000f2900000, 0x00000000f2a00000|  0%| F|  |TAMS 0x00000000f2900000| PB 0x00000000f2900000| Untracked 
| 810|0x00000000f2a00000, 0x00000000f2a00000, 0x00000000f2b00000|  0%| F|  |TAMS 0x00000000f2a00000| PB 0x00000000f2a00000| Untracked 
| 811|0x00000000f2b00000, 0x00000000f2b00000, 0x00000000f2c00000|  0%| F|  |TAMS 0x00000000f2b00000| PB 0x00000000f2b00000| Untracked 
| 812|0x00000000f2c00000, 0x00000000f2c00000, 0x00000000f2d00000|  0%| F|  |TAMS 0x00000000f2c00000| PB 0x00000000f2c00000| Untracked 
| 813|0x00000000f2d00000, 0x00000000f2d00000, 0x00000000f2e00000|  0%| F|  |TAMS 0x00000000f2d00000| PB 0x00000000f2d00000| Untracked 
| 814|0x00000000f2e00000, 0x00000000f2e00000, 0x00000000f2f00000|  0%| F|  |TAMS 0x00000000f2e00000| PB 0x00000000f2e00000| Untracked 
| 815|0x00000000f2f00000, 0x00000000f2f00000, 0x00000000f3000000|  0%| F|  |TAMS 0x00000000f2f00000| PB 0x00000000f2f00000| Untracked 
| 816|0x00000000f3000000, 0x00000000f3000000, 0x00000000f3100000|  0%| F|  |TAMS 0x00000000f3000000| PB 0x00000000f3000000| Untracked 
| 817|0x00000000f3100000, 0x00000000f3100000, 0x00000000f3200000|  0%| F|  |TAMS 0x00000000f3100000| PB 0x00000000f3100000| Untracked 
| 818|0x00000000f3200000, 0x00000000f3200000, 0x00000000f3300000|  0%| F|  |TAMS 0x00000000f3200000| PB 0x00000000f3200000| Untracked 
| 819|0x00000000f3300000, 0x00000000f3300000, 0x00000000f3400000|  0%| F|  |TAMS 0x00000000f3300000| PB 0x00000000f3300000| Untracked 
| 820|0x00000000f3400000, 0x00000000f3400000, 0x00000000f3500000|  0%| F|  |TAMS 0x00000000f3400000| PB 0x00000000f3400000| Untracked 
| 821|0x00000000f3500000, 0x00000000f3500000, 0x00000000f3600000|  0%| F|  |TAMS 0x00000000f3500000| PB 0x00000000f3500000| Untracked 
| 822|0x00000000f3600000, 0x00000000f3600000, 0x00000000f3700000|  0%| F|  |TAMS 0x00000000f3600000| PB 0x00000000f3600000| Untracked 
| 823|0x00000000f3700000, 0x00000000f3700000, 0x00000000f3800000|  0%| F|  |TAMS 0x00000000f3700000| PB 0x00000000f3700000| Untracked 
| 824|0x00000000f3800000, 0x00000000f3800000, 0x00000000f3900000|  0%| F|  |TAMS 0x00000000f3800000| PB 0x00000000f3800000| Untracked 
| 825|0x00000000f3900000, 0x00000000f3900000, 0x00000000f3a00000|  0%| F|  |TAMS 0x00000000f3900000| PB 0x00000000f3900000| Untracked 
| 826|0x00000000f3a00000, 0x00000000f3a00000, 0x00000000f3b00000|  0%| F|  |TAMS 0x00000000f3a00000| PB 0x00000000f3a00000| Untracked 
| 827|0x00000000f3b00000, 0x00000000f3b00000, 0x00000000f3c00000|  0%| F|  |TAMS 0x00000000f3b00000| PB 0x00000000f3b00000| Untracked 
| 828|0x00000000f3c00000, 0x00000000f3c00000, 0x00000000f3d00000|  0%| F|  |TAMS 0x00000000f3c00000| PB 0x00000000f3c00000| Untracked 
| 829|0x00000000f3d00000, 0x00000000f3d00000, 0x00000000f3e00000|  0%| F|  |TAMS 0x00000000f3d00000| PB 0x00000000f3d00000| Untracked 
| 830|0x00000000f3e00000, 0x00000000f3e00000, 0x00000000f3f00000|  0%| F|  |TAMS 0x00000000f3e00000| PB 0x00000000f3e00000| Untracked 
| 831|0x00000000f3f00000, 0x00000000f3f00000, 0x00000000f4000000|  0%| F|  |TAMS 0x00000000f3f00000| PB 0x00000000f3f00000| Untracked 
| 832|0x00000000f4000000, 0x00000000f4000000, 0x00000000f4100000|  0%| F|  |TAMS 0x00000000f4000000| PB 0x00000000f4000000| Untracked 
| 833|0x00000000f4100000, 0x00000000f4100000, 0x00000000f4200000|  0%| F|  |TAMS 0x00000000f4100000| PB 0x00000000f4100000| Untracked 
| 834|0x00000000f4200000, 0x00000000f4200000, 0x00000000f4300000|  0%| F|  |TAMS 0x00000000f4200000| PB 0x00000000f4200000| Untracked 
| 835|0x00000000f4300000, 0x00000000f4300000, 0x00000000f4400000|  0%| F|  |TAMS 0x00000000f4300000| PB 0x00000000f4300000| Untracked 
| 836|0x00000000f4400000, 0x00000000f4400000, 0x00000000f4500000|  0%| F|  |TAMS 0x00000000f4400000| PB 0x00000000f4400000| Untracked 
| 837|0x00000000f4500000, 0x00000000f4500000, 0x00000000f4600000|  0%| F|  |TAMS 0x00000000f4500000| PB 0x00000000f4500000| Untracked 
| 838|0x00000000f4600000, 0x00000000f4600000, 0x00000000f4700000|  0%| F|  |TAMS 0x00000000f4600000| PB 0x00000000f4600000| Untracked 
| 839|0x00000000f4700000, 0x00000000f4700000, 0x00000000f4800000|  0%| F|  |TAMS 0x00000000f4700000| PB 0x00000000f4700000| Untracked 
| 840|0x00000000f4800000, 0x00000000f4800000, 0x00000000f4900000|  0%| F|  |TAMS 0x00000000f4800000| PB 0x00000000f4800000| Untracked 
| 841|0x00000000f4900000, 0x00000000f4900000, 0x00000000f4a00000|  0%| F|  |TAMS 0x00000000f4900000| PB 0x00000000f4900000| Untracked 
| 842|0x00000000f4a00000, 0x00000000f4a00000, 0x00000000f4b00000|  0%| F|  |TAMS 0x00000000f4a00000| PB 0x00000000f4a00000| Untracked 
| 843|0x00000000f4b00000, 0x00000000f4b00000, 0x00000000f4c00000|  0%| F|  |TAMS 0x00000000f4b00000| PB 0x00000000f4b00000| Untracked 
| 844|0x00000000f4c00000, 0x00000000f4c00000, 0x00000000f4d00000|  0%| F|  |TAMS 0x00000000f4c00000| PB 0x00000000f4c00000| Untracked 
| 845|0x00000000f4d00000, 0x00000000f4d00000, 0x00000000f4e00000|  0%| F|  |TAMS 0x00000000f4d00000| PB 0x00000000f4d00000| Untracked 
| 846|0x00000000f4e00000, 0x00000000f4e00000, 0x00000000f4f00000|  0%| F|  |TAMS 0x00000000f4e00000| PB 0x00000000f4e00000| Untracked 
| 847|0x00000000f4f00000, 0x00000000f4f00000, 0x00000000f5000000|  0%| F|  |TAMS 0x00000000f4f00000| PB 0x00000000f4f00000| Untracked 
| 848|0x00000000f5000000, 0x00000000f5000000, 0x00000000f5100000|  0%| F|  |TAMS 0x00000000f5000000| PB 0x00000000f5000000| Untracked 
| 849|0x00000000f5100000, 0x00000000f5100000, 0x00000000f5200000|  0%| F|  |TAMS 0x00000000f5100000| PB 0x00000000f5100000| Untracked 
| 850|0x00000000f5200000, 0x00000000f5200000, 0x00000000f5300000|  0%| F|  |TAMS 0x00000000f5200000| PB 0x00000000f5200000| Untracked 
| 851|0x00000000f5300000, 0x00000000f5300000, 0x00000000f5400000|  0%| F|  |TAMS 0x00000000f5300000| PB 0x00000000f5300000| Untracked 
| 852|0x00000000f5400000, 0x00000000f5400000, 0x00000000f5500000|  0%| F|  |TAMS 0x00000000f5400000| PB 0x00000000f5400000| Untracked 
| 853|0x00000000f5500000, 0x00000000f5500000, 0x00000000f5600000|  0%| F|  |TAMS 0x00000000f5500000| PB 0x00000000f5500000| Untracked 
| 854|0x00000000f5600000, 0x00000000f5600000, 0x00000000f5700000|  0%| F|  |TAMS 0x00000000f5600000| PB 0x00000000f5600000| Untracked 
| 855|0x00000000f5700000, 0x00000000f5700000, 0x00000000f5800000|  0%| F|  |TAMS 0x00000000f5700000| PB 0x00000000f5700000| Untracked 
| 856|0x00000000f5800000, 0x00000000f5800000, 0x00000000f5900000|  0%| F|  |TAMS 0x00000000f5800000| PB 0x00000000f5800000| Untracked 
| 857|0x00000000f5900000, 0x00000000f5900000, 0x00000000f5a00000|  0%| F|  |TAMS 0x00000000f5900000| PB 0x00000000f5900000| Untracked 
| 858|0x00000000f5a00000, 0x00000000f5a00000, 0x00000000f5b00000|  0%| F|  |TAMS 0x00000000f5a00000| PB 0x00000000f5a00000| Untracked 
| 859|0x00000000f5b00000, 0x00000000f5b00000, 0x00000000f5c00000|  0%| F|  |TAMS 0x00000000f5b00000| PB 0x00000000f5b00000| Untracked 
| 860|0x00000000f5c00000, 0x00000000f5c00000, 0x00000000f5d00000|  0%| F|  |TAMS 0x00000000f5c00000| PB 0x00000000f5c00000| Untracked 
| 861|0x00000000f5d00000, 0x00000000f5d00000, 0x00000000f5e00000|  0%| F|  |TAMS 0x00000000f5d00000| PB 0x00000000f5d00000| Untracked 
| 862|0x00000000f5e00000, 0x00000000f5e00000, 0x00000000f5f00000|  0%| F|  |TAMS 0x00000000f5e00000| PB 0x00000000f5e00000| Untracked 
| 863|0x00000000f5f00000, 0x00000000f5f00000, 0x00000000f6000000|  0%| F|  |TAMS 0x00000000f5f00000| PB 0x00000000f5f00000| Untracked 
| 864|0x00000000f6000000, 0x00000000f6000000, 0x00000000f6100000|  0%| F|  |TAMS 0x00000000f6000000| PB 0x00000000f6000000| Untracked 
| 865|0x00000000f6100000, 0x00000000f6100000, 0x00000000f6200000|  0%| F|  |TAMS 0x00000000f6100000| PB 0x00000000f6100000| Untracked 
| 866|0x00000000f6200000, 0x00000000f6200000, 0x00000000f6300000|  0%| F|  |TAMS 0x00000000f6200000| PB 0x00000000f6200000| Untracked 
| 867|0x00000000f6300000, 0x00000000f6300000, 0x00000000f6400000|  0%| F|  |TAMS 0x00000000f6300000| PB 0x00000000f6300000| Untracked 
| 868|0x00000000f6400000, 0x00000000f6400000, 0x00000000f6500000|  0%| F|  |TAMS 0x00000000f6400000| PB 0x00000000f6400000| Untracked 
| 869|0x00000000f6500000, 0x00000000f6500000, 0x00000000f6600000|  0%| F|  |TAMS 0x00000000f6500000| PB 0x00000000f6500000| Untracked 
| 870|0x00000000f6600000, 0x00000000f6600000, 0x00000000f6700000|  0%| F|  |TAMS 0x00000000f6600000| PB 0x00000000f6600000| Untracked 
| 871|0x00000000f6700000, 0x00000000f6700000, 0x00000000f6800000|  0%| F|  |TAMS 0x00000000f6700000| PB 0x00000000f6700000| Untracked 
| 872|0x00000000f6800000, 0x00000000f6800000, 0x00000000f6900000|  0%| F|  |TAMS 0x00000000f6800000| PB 0x00000000f6800000| Untracked 
| 873|0x00000000f6900000, 0x00000000f6900000, 0x00000000f6a00000|  0%| F|  |TAMS 0x00000000f6900000| PB 0x00000000f6900000| Untracked 
| 874|0x00000000f6a00000, 0x00000000f6a00000, 0x00000000f6b00000|  0%| F|  |TAMS 0x00000000f6a00000| PB 0x00000000f6a00000| Untracked 
| 875|0x00000000f6b00000, 0x00000000f6b00000, 0x00000000f6c00000|  0%| F|  |TAMS 0x00000000f6b00000| PB 0x00000000f6b00000| Untracked 
| 876|0x00000000f6c00000, 0x00000000f6c00000, 0x00000000f6d00000|  0%| F|  |TAMS 0x00000000f6c00000| PB 0x00000000f6c00000| Untracked 
| 877|0x00000000f6d00000, 0x00000000f6d00000, 0x00000000f6e00000|  0%| F|  |TAMS 0x00000000f6d00000| PB 0x00000000f6d00000| Untracked 
| 878|0x00000000f6e00000, 0x00000000f6e00000, 0x00000000f6f00000|  0%| F|  |TAMS 0x00000000f6e00000| PB 0x00000000f6e00000| Untracked 
| 879|0x00000000f6f00000, 0x00000000f6f00000, 0x00000000f7000000|  0%| F|  |TAMS 0x00000000f6f00000| PB 0x00000000f6f00000| Untracked 
| 880|0x00000000f7000000, 0x00000000f7000000, 0x00000000f7100000|  0%| F|  |TAMS 0x00000000f7000000| PB 0x00000000f7000000| Untracked 
| 881|0x00000000f7100000, 0x00000000f7100000, 0x00000000f7200000|  0%| F|  |TAMS 0x00000000f7100000| PB 0x00000000f7100000| Untracked 
| 882|0x00000000f7200000, 0x00000000f7200000, 0x00000000f7300000|  0%| F|  |TAMS 0x00000000f7200000| PB 0x00000000f7200000| Untracked 
| 883|0x00000000f7300000, 0x00000000f7300000, 0x00000000f7400000|  0%| F|  |TAMS 0x00000000f7300000| PB 0x00000000f7300000| Untracked 
| 884|0x00000000f7400000, 0x00000000f7400000, 0x00000000f7500000|  0%| F|  |TAMS 0x00000000f7400000| PB 0x00000000f7400000| Untracked 
| 885|0x00000000f7500000, 0x00000000f7500000, 0x00000000f7600000|  0%| F|  |TAMS 0x00000000f7500000| PB 0x00000000f7500000| Untracked 
| 886|0x00000000f7600000, 0x00000000f7600000, 0x00000000f7700000|  0%| F|  |TAMS 0x00000000f7600000| PB 0x00000000f7600000| Untracked 
| 887|0x00000000f7700000, 0x00000000f7700000, 0x00000000f7800000|  0%| F|  |TAMS 0x00000000f7700000| PB 0x00000000f7700000| Untracked 
| 888|0x00000000f7800000, 0x00000000f7800000, 0x00000000f7900000|  0%| F|  |TAMS 0x00000000f7800000| PB 0x00000000f7800000| Untracked 
| 889|0x00000000f7900000, 0x00000000f7900000, 0x00000000f7a00000|  0%| F|  |TAMS 0x00000000f7900000| PB 0x00000000f7900000| Untracked 
| 890|0x00000000f7a00000, 0x00000000f7a00000, 0x00000000f7b00000|  0%| F|  |TAMS 0x00000000f7a00000| PB 0x00000000f7a00000| Untracked 
| 891|0x00000000f7b00000, 0x00000000f7b00000, 0x00000000f7c00000|  0%| F|  |TAMS 0x00000000f7b00000| PB 0x00000000f7b00000| Untracked 
| 892|0x00000000f7c00000, 0x00000000f7c00000, 0x00000000f7d00000|  0%| F|  |TAMS 0x00000000f7c00000| PB 0x00000000f7c00000| Untracked 
| 893|0x00000000f7d00000, 0x00000000f7d00000, 0x00000000f7e00000|  0%| F|  |TAMS 0x00000000f7d00000| PB 0x00000000f7d00000| Untracked 
| 894|0x00000000f7e00000, 0x00000000f7e00000, 0x00000000f7f00000|  0%| F|  |TAMS 0x00000000f7e00000| PB 0x00000000f7e00000| Untracked 
| 895|0x00000000f7f00000, 0x00000000f7f00000, 0x00000000f8000000|  0%| F|  |TAMS 0x00000000f7f00000| PB 0x00000000f7f00000| Untracked 
| 896|0x00000000f8000000, 0x00000000f8000000, 0x00000000f8100000|  0%| F|  |TAMS 0x00000000f8000000| PB 0x00000000f8000000| Untracked 
| 897|0x00000000f8100000, 0x00000000f8100000, 0x00000000f8200000|  0%| F|  |TAMS 0x00000000f8100000| PB 0x00000000f8100000| Untracked 
| 898|0x00000000f8200000, 0x00000000f8200000, 0x00000000f8300000|  0%| F|  |TAMS 0x00000000f8200000| PB 0x00000000f8200000| Untracked 
| 899|0x00000000f8300000, 0x00000000f8300000, 0x00000000f8400000|  0%| F|  |TAMS 0x00000000f8300000| PB 0x00000000f8300000| Untracked 
| 900|0x00000000f8400000, 0x00000000f8400000, 0x00000000f8500000|  0%| F|  |TAMS 0x00000000f8400000| PB 0x00000000f8400000| Untracked 
| 901|0x00000000f8500000, 0x00000000f8500000, 0x00000000f8600000|  0%| F|  |TAMS 0x00000000f8500000| PB 0x00000000f8500000| Untracked 
| 902|0x00000000f8600000, 0x00000000f8600000, 0x00000000f8700000|  0%| F|  |TAMS 0x00000000f8600000| PB 0x00000000f8600000| Untracked 
| 903|0x00000000f8700000, 0x00000000f8700000, 0x00000000f8800000|  0%| F|  |TAMS 0x00000000f8700000| PB 0x00000000f8700000| Untracked 
| 904|0x00000000f8800000, 0x00000000f8800000, 0x00000000f8900000|  0%| F|  |TAMS 0x00000000f8800000| PB 0x00000000f8800000| Untracked 
| 905|0x00000000f8900000, 0x00000000f8900000, 0x00000000f8a00000|  0%| F|  |TAMS 0x00000000f8900000| PB 0x00000000f8900000| Untracked 
| 906|0x00000000f8a00000, 0x00000000f8a00000, 0x00000000f8b00000|  0%| F|  |TAMS 0x00000000f8a00000| PB 0x00000000f8a00000| Untracked 
| 907|0x00000000f8b00000, 0x00000000f8b00000, 0x00000000f8c00000|  0%| F|  |TAMS 0x00000000f8b00000| PB 0x00000000f8b00000| Untracked 
| 908|0x00000000f8c00000, 0x00000000f8c00000, 0x00000000f8d00000|  0%| F|  |TAMS 0x00000000f8c00000| PB 0x00000000f8c00000| Untracked 
| 909|0x00000000f8d00000, 0x00000000f8d00000, 0x00000000f8e00000|  0%| F|  |TAMS 0x00000000f8d00000| PB 0x00000000f8d00000| Untracked 
| 910|0x00000000f8e00000, 0x00000000f8e00000, 0x00000000f8f00000|  0%| F|  |TAMS 0x00000000f8e00000| PB 0x00000000f8e00000| Untracked 
| 911|0x00000000f8f00000, 0x00000000f8f00000, 0x00000000f9000000|  0%| F|  |TAMS 0x00000000f8f00000| PB 0x00000000f8f00000| Untracked 
| 912|0x00000000f9000000, 0x00000000f9000000, 0x00000000f9100000|  0%| F|  |TAMS 0x00000000f9000000| PB 0x00000000f9000000| Untracked 
| 913|0x00000000f9100000, 0x00000000f9100000, 0x00000000f9200000|  0%| F|  |TAMS 0x00000000f9100000| PB 0x00000000f9100000| Untracked 
| 914|0x00000000f9200000, 0x00000000f920b1e0, 0x00000000f9300000|  4%| E|  |TAMS 0x00000000f9200000| PB 0x00000000f9200000| Complete 
| 915|0x00000000f9300000, 0x00000000f9400000, 0x00000000f9400000|100%| E|CS|TAMS 0x00000000f9300000| PB 0x00000000f9300000| Complete 
| 916|0x00000000f9400000, 0x00000000f9500000, 0x00000000f9500000|100%| E|CS|TAMS 0x00000000f9400000| PB 0x00000000f9400000| Complete 
| 917|0x00000000f9500000, 0x00000000f9600000, 0x00000000f9600000|100%| E|CS|TAMS 0x00000000f9500000| PB 0x00000000f9500000| Complete 
| 918|0x00000000f9600000, 0x00000000f96fffe0, 0x00000000f9700000| 99%| E|  |TAMS 0x00000000f9600000| PB 0x00000000f9600000| Complete 
| 919|0x00000000f9700000, 0x00000000f9800000, 0x00000000f9800000|100%| E|CS|TAMS 0x00000000f9700000| PB 0x00000000f9700000| Complete 
| 920|0x00000000f9800000, 0x00000000f9900000, 0x00000000f9900000|100%| E|CS|TAMS 0x00000000f9800000| PB 0x00000000f9800000| Complete 
| 921|0x00000000f9900000, 0x00000000f9a00000, 0x00000000f9a00000|100%| E|CS|TAMS 0x00000000f9900000| PB 0x00000000f9900000| Complete 
| 922|0x00000000f9a00000, 0x00000000f9b00000, 0x00000000f9b00000|100%| E|CS|TAMS 0x00000000f9a00000| PB 0x00000000f9a00000| Complete 
| 923|0x00000000f9b00000, 0x00000000f9c00000, 0x00000000f9c00000|100%| E|CS|TAMS 0x00000000f9b00000| PB 0x00000000f9b00000| Complete 
| 924|0x00000000f9c00000, 0x00000000f9d00000, 0x00000000f9d00000|100%| E|CS|TAMS 0x00000000f9c00000| PB 0x00000000f9c00000| Complete 
| 925|0x00000000f9d00000, 0x00000000f9e00000, 0x00000000f9e00000|100%| E|CS|TAMS 0x00000000f9d00000| PB 0x00000000f9d00000| Complete 
| 926|0x00000000f9e00000, 0x00000000f9f00000, 0x00000000f9f00000|100%| E|CS|TAMS 0x00000000f9e00000| PB 0x00000000f9e00000| Complete 
| 927|0x00000000f9f00000, 0x00000000fa000000, 0x00000000fa000000|100%| E|CS|TAMS 0x00000000f9f00000| PB 0x00000000f9f00000| Complete 
| 928|0x00000000fa000000, 0x00000000fa100000, 0x00000000fa100000|100%| E|CS|TAMS 0x00000000fa000000| PB 0x00000000fa000000| Complete 
| 929|0x00000000fa100000, 0x00000000fa200000, 0x00000000fa200000|100%| E|CS|TAMS 0x00000000fa100000| PB 0x00000000fa100000| Complete 
| 930|0x00000000fa200000, 0x00000000fa300000, 0x00000000fa300000|100%| E|CS|TAMS 0x00000000fa200000| PB 0x00000000fa200000| Complete 
| 931|0x00000000fa300000, 0x00000000fa400000, 0x00000000fa400000|100%| E|CS|TAMS 0x00000000fa300000| PB 0x00000000fa300000| Complete 
| 932|0x00000000fa400000, 0x00000000fa500000, 0x00000000fa500000|100%| E|CS|TAMS 0x00000000fa400000| PB 0x00000000fa400000| Complete 
| 933|0x00000000fa500000, 0x00000000fa600000, 0x00000000fa600000|100%| E|CS|TAMS 0x00000000fa500000| PB 0x00000000fa500000| Complete 
| 934|0x00000000fa600000, 0x00000000fa700000, 0x00000000fa700000|100%| E|CS|TAMS 0x00000000fa600000| PB 0x00000000fa600000| Complete 
| 935|0x00000000fa700000, 0x00000000fa800000, 0x00000000fa800000|100%| E|CS|TAMS 0x00000000fa700000| PB 0x00000000fa700000| Complete 
| 936|0x00000000fa800000, 0x00000000fa900000, 0x00000000fa900000|100%| E|CS|TAMS 0x00000000fa800000| PB 0x00000000fa800000| Complete 
| 937|0x00000000fa900000, 0x00000000faa00000, 0x00000000faa00000|100%| E|CS|TAMS 0x00000000fa900000| PB 0x00000000fa900000| Complete 
| 938|0x00000000faa00000, 0x00000000fab00000, 0x00000000fab00000|100%| E|CS|TAMS 0x00000000faa00000| PB 0x00000000faa00000| Complete 
| 939|0x00000000fab00000, 0x00000000fac00000, 0x00000000fac00000|100%| E|CS|TAMS 0x00000000fab00000| PB 0x00000000fab00000| Complete 
| 940|0x00000000fac00000, 0x00000000fad00000, 0x00000000fad00000|100%| E|CS|TAMS 0x00000000fac00000| PB 0x00000000fac00000| Complete 
| 941|0x00000000fad00000, 0x00000000fae00000, 0x00000000fae00000|100%| E|CS|TAMS 0x00000000fad00000| PB 0x00000000fad00000| Complete 
| 942|0x00000000fae00000, 0x00000000faf00000, 0x00000000faf00000|100%| E|CS|TAMS 0x00000000fae00000| PB 0x00000000fae00000| Complete 
| 943|0x00000000faf00000, 0x00000000fb000000, 0x00000000fb000000|100%| E|CS|TAMS 0x00000000faf00000| PB 0x00000000faf00000| Complete 
| 944|0x00000000fb000000, 0x00000000fb100000, 0x00000000fb100000|100%| E|CS|TAMS 0x00000000fb000000| PB 0x00000000fb000000| Complete 
| 945|0x00000000fb100000, 0x00000000fb200000, 0x00000000fb200000|100%| E|CS|TAMS 0x00000000fb100000| PB 0x00000000fb100000| Complete 
| 946|0x00000000fb200000, 0x00000000fb300000, 0x00000000fb300000|100%| E|CS|TAMS 0x00000000fb200000| PB 0x00000000fb200000| Complete 
| 947|0x00000000fb300000, 0x00000000fb400000, 0x00000000fb400000|100%| E|CS|TAMS 0x00000000fb300000| PB 0x00000000fb300000| Complete 
| 948|0x00000000fb400000, 0x00000000fb500000, 0x00000000fb500000|100%| E|CS|TAMS 0x00000000fb400000| PB 0x00000000fb400000| Complete 
| 949|0x00000000fb500000, 0x00000000fb600000, 0x00000000fb600000|100%| E|CS|TAMS 0x00000000fb500000| PB 0x00000000fb500000| Complete 
| 950|0x00000000fb600000, 0x00000000fb700000, 0x00000000fb700000|100%| E|CS|TAMS 0x00000000fb600000| PB 0x00000000fb600000| Complete 
| 951|0x00000000fb700000, 0x00000000fb800000, 0x00000000fb800000|100%| E|CS|TAMS 0x00000000fb700000| PB 0x00000000fb700000| Complete 
| 952|0x00000000fb800000, 0x00000000fb900000, 0x00000000fb900000|100%| E|CS|TAMS 0x00000000fb800000| PB 0x00000000fb800000| Complete 
| 953|0x00000000fb900000, 0x00000000fba00000, 0x00000000fba00000|100%| E|CS|TAMS 0x00000000fb900000| PB 0x00000000fb900000| Complete 
| 954|0x00000000fba00000, 0x00000000fbb00000, 0x00000000fbb00000|100%| E|CS|TAMS 0x00000000fba00000| PB 0x00000000fba00000| Complete 
| 955|0x00000000fbb00000, 0x00000000fbc00000, 0x00000000fbc00000|100%| E|CS|TAMS 0x00000000fbb00000| PB 0x00000000fbb00000| Complete 
| 956|0x00000000fbc00000, 0x00000000fbd00000, 0x00000000fbd00000|100%| E|CS|TAMS 0x00000000fbc00000| PB 0x00000000fbc00000| Complete 
| 957|0x00000000fbd00000, 0x00000000fbe00000, 0x00000000fbe00000|100%| E|CS|TAMS 0x00000000fbd00000| PB 0x00000000fbd00000| Complete 
| 958|0x00000000fbe00000, 0x00000000fbf00000, 0x00000000fbf00000|100%| E|CS|TAMS 0x00000000fbe00000| PB 0x00000000fbe00000| Complete 
| 959|0x00000000fbf00000, 0x00000000fc000000, 0x00000000fc000000|100%| E|CS|TAMS 0x00000000fbf00000| PB 0x00000000fbf00000| Complete 
| 960|0x00000000fc000000, 0x00000000fc100000, 0x00000000fc100000|100%| E|CS|TAMS 0x00000000fc000000| PB 0x00000000fc000000| Complete 
| 961|0x00000000fc100000, 0x00000000fc200000, 0x00000000fc200000|100%| E|CS|TAMS 0x00000000fc100000| PB 0x00000000fc100000| Complete 
| 962|0x00000000fc200000, 0x00000000fc300000, 0x00000000fc300000|100%| E|CS|TAMS 0x00000000fc200000| PB 0x00000000fc200000| Complete 
| 963|0x00000000fc300000, 0x00000000fc400000, 0x00000000fc400000|100%| E|CS|TAMS 0x00000000fc300000| PB 0x00000000fc300000| Complete 
| 964|0x00000000fc400000, 0x00000000fc500000, 0x00000000fc500000|100%| E|CS|TAMS 0x00000000fc400000| PB 0x00000000fc400000| Complete 
| 965|0x00000000fc500000, 0x00000000fc600000, 0x00000000fc600000|100%| E|CS|TAMS 0x00000000fc500000| PB 0x00000000fc500000| Complete 
| 966|0x00000000fc600000, 0x00000000fc700000, 0x00000000fc700000|100%| E|CS|TAMS 0x00000000fc600000| PB 0x00000000fc600000| Complete 
| 967|0x00000000fc700000, 0x00000000fc800000, 0x00000000fc800000|100%| E|CS|TAMS 0x00000000fc700000| PB 0x00000000fc700000| Complete 
| 968|0x00000000fc800000, 0x00000000fc900000, 0x00000000fc900000|100%| E|CS|TAMS 0x00000000fc800000| PB 0x00000000fc800000| Complete 
| 969|0x00000000fc900000, 0x00000000fca00000, 0x00000000fca00000|100%| E|CS|TAMS 0x00000000fc900000| PB 0x00000000fc900000| Complete 
| 970|0x00000000fca00000, 0x00000000fcb00000, 0x00000000fcb00000|100%| E|CS|TAMS 0x00000000fca00000| PB 0x00000000fca00000| Complete 
| 971|0x00000000fcb00000, 0x00000000fcc00000, 0x00000000fcc00000|100%| E|CS|TAMS 0x00000000fcb00000| PB 0x00000000fcb00000| Complete 
| 972|0x00000000fcc00000, 0x00000000fcd00000, 0x00000000fcd00000|100%| O|  |TAMS 0x00000000fcc00000| PB 0x00000000fcc00000| Untracked 
| 973|0x00000000fcd00000, 0x00000000fce00000, 0x00000000fce00000|100%| O|  |TAMS 0x00000000fcd00000| PB 0x00000000fcd00000| Untracked 
| 974|0x00000000fce00000, 0x00000000fcf00000, 0x00000000fcf00000|100%| O|  |TAMS 0x00000000fce00000| PB 0x00000000fce00000| Untracked 
| 975|0x00000000fcf00000, 0x00000000fd000000, 0x00000000fd000000|100%| O|  |TAMS 0x00000000fcf00000| PB 0x00000000fcf00000| Untracked 
| 976|0x00000000fd000000, 0x00000000fd100000, 0x00000000fd100000|100%| O|  |TAMS 0x00000000fd000000| PB 0x00000000fd000000| Untracked 
| 977|0x00000000fd100000, 0x00000000fd200000, 0x00000000fd200000|100%| O|  |TAMS 0x00000000fd100000| PB 0x00000000fd100000| Untracked 
| 978|0x00000000fd200000, 0x00000000fd300000, 0x00000000fd300000|100%| O|  |TAMS 0x00000000fd200000| PB 0x00000000fd200000| Untracked 
| 979|0x00000000fd300000, 0x00000000fd400000, 0x00000000fd400000|100%| O|  |TAMS 0x00000000fd300000| PB 0x00000000fd300000| Untracked 
| 980|0x00000000fd400000, 0x00000000fd500000, 0x00000000fd500000|100%| O|  |TAMS 0x00000000fd400000| PB 0x00000000fd400000| Untracked 
| 981|0x00000000fd500000, 0x00000000fd600000, 0x00000000fd600000|100%| O|  |TAMS 0x00000000fd500000| PB 0x00000000fd500000| Untracked 
| 982|0x00000000fd600000, 0x00000000fd700000, 0x00000000fd700000|100%| E|CS|TAMS 0x00000000fd600000| PB 0x00000000fd600000| Complete 
| 983|0x00000000fd700000, 0x00000000fd800000, 0x00000000fd800000|100%| O|  |TAMS 0x00000000fd700000| PB 0x00000000fd700000| Untracked 
| 984|0x00000000fd800000, 0x00000000fd900000, 0x00000000fd900000|100%| O|  |TAMS 0x00000000fd800000| PB 0x00000000fd800000| Untracked 
| 985|0x00000000fd900000, 0x00000000fda00000, 0x00000000fda00000|100%| O|  |TAMS 0x00000000fd900000| PB 0x00000000fd900000| Untracked 
| 986|0x00000000fda00000, 0x00000000fdb00000, 0x00000000fdb00000|100%| E|CS|TAMS 0x00000000fda00000| PB 0x00000000fda00000| Complete 
| 987|0x00000000fdb00000, 0x00000000fdc00000, 0x00000000fdc00000|100%| O|  |TAMS 0x00000000fdb00000| PB 0x00000000fdb00000| Untracked 
| 988|0x00000000fdc00000, 0x00000000fdd00000, 0x00000000fdd00000|100%| O|  |TAMS 0x00000000fdc00000| PB 0x00000000fdc00000| Untracked 
| 989|0x00000000fdd00000, 0x00000000fde00000, 0x00000000fde00000|100%| O|  |TAMS 0x00000000fdd00000| PB 0x00000000fdd00000| Untracked 
| 990|0x00000000fde00000, 0x00000000fdf00000, 0x00000000fdf00000|100%| E|CS|TAMS 0x00000000fde00000| PB 0x00000000fde00000| Complete 
| 991|0x00000000fdf00000, 0x00000000fe000000, 0x00000000fe000000|100%| E|CS|TAMS 0x00000000fdf00000| PB 0x00000000fdf00000| Complete 
| 992|0x00000000fe000000, 0x00000000fe100000, 0x00000000fe100000|100%| O|  |TAMS 0x00000000fe000000| PB 0x00000000fe000000| Untracked 
| 993|0x00000000fe100000, 0x00000000fe200000, 0x00000000fe200000|100%| E|CS|TAMS 0x00000000fe100000| PB 0x00000000fe100000| Complete 
| 994|0x00000000fe200000, 0x00000000fe300000, 0x00000000fe300000|100%| O|  |TAMS 0x00000000fe200000| PB 0x00000000fe200000| Untracked 
| 995|0x00000000fe300000, 0x00000000fe400000, 0x00000000fe400000|100%| O|  |TAMS 0x00000000fe300000| PB 0x00000000fe300000| Untracked 
| 996|0x00000000fe400000, 0x00000000fe500000, 0x00000000fe500000|100%| O|  |TAMS 0x00000000fe400000| PB 0x00000000fe400000| Untracked 
| 997|0x00000000fe500000, 0x00000000fe600000, 0x00000000fe600000|100%| O|  |TAMS 0x00000000fe500000| PB 0x00000000fe500000| Untracked 
| 998|0x00000000fe600000, 0x00000000fe700000, 0x00000000fe700000|100%| O|  |TAMS 0x00000000fe600000| PB 0x00000000fe600000| Untracked 
| 999|0x00000000fe700000, 0x00000000fe800000, 0x00000000fe800000|100%| O|  |TAMS 0x00000000fe700000| PB 0x00000000fe700000| Untracked 
|1000|0x00000000fe800000, 0x00000000fe900000, 0x00000000fe900000|100%| O|  |TAMS 0x00000000fe800000| PB 0x00000000fe800000| Untracked 
|1001|0x00000000fe900000, 0x00000000fea00000, 0x00000000fea00000|100%| O|  |TAMS 0x00000000fe900000| PB 0x00000000fe900000| Untracked 
|1002|0x00000000fea00000, 0x00000000feb00000, 0x00000000feb00000|100%| O|  |TAMS 0x00000000fea00000| PB 0x00000000fea00000| Untracked 
|1003|0x00000000feb00000, 0x00000000fec00000, 0x00000000fec00000|100%| O|  |TAMS 0x00000000feb00000| PB 0x00000000feb00000| Untracked 
|1004|0x00000000fec00000, 0x00000000fed00000, 0x00000000fed00000|100%| O|  |TAMS 0x00000000fec00000| PB 0x00000000fec00000| Untracked 
|1005|0x00000000fed00000, 0x00000000fee00000, 0x00000000fee00000|100%| E|CS|TAMS 0x00000000fed00000| PB 0x00000000fed00000| Complete 
|1006|0x00000000fee00000, 0x00000000fef00000, 0x00000000fef00000|100%| O|  |TAMS 0x00000000fee00000| PB 0x00000000fee00000| Untracked 
|1007|0x00000000fef00000, 0x00000000ff000000, 0x00000000ff000000|100%| O|  |TAMS 0x00000000fef00000| PB 0x00000000fef00000| Untracked 
|1008|0x00000000ff000000, 0x00000000ff100000, 0x00000000ff100000|100%| E|CS|TAMS 0x00000000ff000000| PB 0x00000000ff000000| Complete 
|1009|0x00000000ff100000, 0x00000000ff200000, 0x00000000ff200000|100%| O|  |TAMS 0x00000000ff100000| PB 0x00000000ff100000| Untracked 
|1010|0x00000000ff200000, 0x00000000ff300000, 0x00000000ff300000|100%| O|  |TAMS 0x00000000ff200000| PB 0x00000000ff200000| Untracked 
|1011|0x00000000ff300000, 0x00000000ff400000, 0x00000000ff400000|100%| O|  |TAMS 0x00000000ff300000| PB 0x00000000ff300000| Untracked 
|1012|0x00000000ff400000, 0x00000000ff500000, 0x00000000ff500000|100%| E|CS|TAMS 0x00000000ff400000| PB 0x00000000ff400000| Complete 
|1013|0x00000000ff500000, 0x00000000ff600000, 0x00000000ff600000|100%| O|  |TAMS 0x00000000ff500000| PB 0x00000000ff500000| Untracked 
|1014|0x00000000ff600000, 0x00000000ff700000, 0x00000000ff700000|100%| E|CS|TAMS 0x00000000ff600000| PB 0x00000000ff600000| Complete 
|1015|0x00000000ff700000, 0x00000000ff800000, 0x00000000ff800000|100%| E|CS|TAMS 0x00000000ff700000| PB 0x00000000ff700000| Complete 
|1016|0x00000000ff800000, 0x00000000ff900000, 0x00000000ff900000|100%| E|CS|TAMS 0x00000000ff800000| PB 0x00000000ff800000| Complete 
|1017|0x00000000ff900000, 0x00000000ffa00000, 0x00000000ffa00000|100%| O|  |TAMS 0x00000000ff900000| PB 0x00000000ff900000| Untracked 
|1018|0x00000000ffa00000, 0x00000000ffb00000, 0x00000000ffb00000|100%| O|  |TAMS 0x00000000ffa00000| PB 0x00000000ffa00000| Untracked 
|1019|0x00000000ffb00000, 0x00000000ffc00000, 0x00000000ffc00000|100%| E|CS|TAMS 0x00000000ffb00000| PB 0x00000000ffb00000| Complete 
|1020|0x00000000ffc00000, 0x00000000ffd00000, 0x00000000ffd00000|100%| E|CS|TAMS 0x00000000ffc00000| PB 0x00000000ffc00000| Complete 
|1021|0x00000000ffd00000, 0x00000000ffe00000, 0x00000000ffe00000|100%| O|  |TAMS 0x00000000ffd00000| PB 0x00000000ffd00000| Untracked 
|1022|0x00000000ffe00000, 0x00000000fff00000, 0x00000000fff00000|100%| E|CS|TAMS 0x00000000ffe00000| PB 0x00000000ffe00000| Complete 
|1023|0x00000000fff00000, 0x0000000100000000, 0x0000000100000000|100%| O|  |TAMS 0x00000000fff00000| PB 0x00000000fff00000| Untracked 

Card table byte_map: [0x000002413a530000,0x000002413a730000] _byte_map_base: 0x0000024139f30000

Marking Bits: (CMBitMap*) 0x0000024121844af0
 Bits: [0x000002413a730000, 0x000002413b730000)

Polling page: 0x000002411f1f0000

Metaspace:

Usage:
  Non-class:    157.02 MB used.
      Class:     20.50 MB used.
       Both:    177.52 MB used.

Virtual space:
  Non-class space:      192.00 MB reserved,     158.94 MB ( 83%) committed,  3 nodes.
      Class space:        1.00 GB reserved,      21.88 MB (  2%) committed,  1 nodes.
             Both:        1.19 GB reserved,     180.81 MB ( 15%) committed. 

Chunk freelists:
   Non-Class:  15.64 MB
       Class:  9.94 MB
        Both:  25.58 MB

MaxMetaspaceSize: unlimited
CompressedClassSpaceSize: 1.00 GB
Initial GC threshold: 21.00 MB
Current GC threshold: 299.81 MB
CDS: off
 - commit_granule_bytes: 65536.
 - commit_granule_words: 8192.
 - virtual_space_node_default_size: 8388608.
 - enlarge_chunks_in_place: 1.
 - use_allocation_guard: 0.


Internal statistics:

num_allocs_failed_limit: 18.
num_arena_births: 2068.
num_arena_deaths: 0.
num_vsnodes_births: 4.
num_vsnodes_deaths: 0.
num_space_committed: 2892.
num_space_uncommitted: 0.
num_chunks_returned_to_freelist: 18.
num_chunks_taken_from_freelist: 9362.
num_chunk_merges: 18.
num_chunk_splits: 6152.
num_chunks_enlarged: 3824.
num_inconsistent_stats: 0.

CodeHeap 'non-profiled nmethods': size=119168Kb used=9314Kb max_used=14756Kb free=109853Kb
 bounds [0x0000024132640000, 0x00000241334b0000, 0x0000024139aa0000]
CodeHeap 'profiled nmethods': size=119104Kb used=16523Kb max_used=42172Kb free=102580Kb
 bounds [0x000002412aaa0000, 0x000002412d3e0000, 0x0000024131ef0000]
CodeHeap 'non-nmethods': size=7488Kb used=2925Kb max_used=4106Kb free=4562Kb
 bounds [0x0000024131ef0000, 0x0000024132300000, 0x0000024132640000]
 total_blobs=9408 nmethods=8143 adapters=1165
 compilation: enabled
              stopped_count=0, restarted_count=0
 full_count=0

Compilation events (20 events):
Event: 453.214 Thread 0x000002413e8333c0 28500   !   3       org.eclipse.jface.text.JFaceTextUtil::modelLineToWidgetLine (113 bytes)
Event: 453.215 Thread 0x000002413e8333c0 nmethod 28500 0x000002412cd20990 code [0x000002412cd20c00, 0x000002412cd217a0]
Event: 453.551 Thread 0x000002413e988800 28501       3       org.eclipse.swt.widgets.Widget::isListening (10 bytes)
Event: 453.553 Thread 0x000002413e988800 nmethod 28501 0x000002412cd20310 code [0x000002412cd204e0, 0x000002412cd20810]
Event: 453.558 Thread 0x000002413e988800 28503       3       org.eclipse.jface.text.source.projection.ProjectionSupport$ProjectionAnnotationsPainter::skip (29 bytes)
Event: 453.559 Thread 0x000002413e988800 nmethod 28503 0x000002412cd1fb90 code [0x000002412cd1fd60, 0x000002412cd201e0]
Event: 453.560 Thread 0x000002413e8333c0 28504       3       org.eclipse.swt.custom.StyledText::getWordWrap (9 bytes)
Event: 453.560 Thread 0x000002413e8333c0 nmethod 28504 0x000002412d334910 code [0x000002412d334ac0, 0x000002412d334c90]
Event: 453.561 Thread 0x000002413e8333c0 28505   !   3       org.eclipse.core.internal.filebuffers.SynchronizableDocument::getLineInformation (30 bytes)
Event: 453.561 Thread 0x000002413e988800 28506       3       org.eclipse.jface.text.source.Annotation::<init> (30 bytes)
Event: 453.563 Thread 0x000002413e8333c0 nmethod 28505 0x000002412d333510 code [0x000002412d3337a0, 0x000002412d3343b0]
Event: 453.563 Thread 0x000002413e988800 nmethod 28506 0x000002412d333090 code [0x000002412d333240, 0x000002412d333470]
Event: 453.563 Thread 0x000002413e8333c0 28507       1       org.eclipse.compare.rangedifferencer.RangeDifference::rightStart (5 bytes)
Event: 453.563 Thread 0x000002413e8333c0 nmethod 28507 0x00000241330c9e10 code [0x00000241330c9fa0, 0x00000241330ca068]
Event: 454.037 Thread 0x000002413e8333c0 28508       3       org.eclipse.swt.custom.StyledText$$Lambda/0x000000010094ef70::handleEvent (9 bytes)
Event: 454.037 Thread 0x000002413e988800 28509       3       org.eclipse.swt.custom.StyledText::lambda$28 (174 bytes)
Event: 454.039 Thread 0x000002413e8333c0 nmethod 28508 0x000002412d332c90 code [0x000002412d332e40, 0x000002412d332f80]
Event: 454.040 Thread 0x000002413e988800 nmethod 28509 0x000002412d331f90 code [0x000002412d332240, 0x000002412d332a00]
Event: 454.276 Thread 0x000002413e830600 nmethod 28497 0x0000024132d23690 code [0x0000024132d23c20, 0x0000024132d27968]
Event: 454.277 Thread 0x000002413e830600 28502       4       org.eclipse.swt.graphics.Resource::getDevice (23 bytes)

GC Heap History (20 events):
Event: 126.582 GC heap before
{Heap before GC invocations=69 (full 0):
 garbage-first heap   total 795648K, used 794157K [0x00000000c0000000, 0x0000000100000000)
  region size 1024K, 67 young (68608K), 9 survivors (9216K)
 Metaspace       used 178884K, committed 182208K, reserved 1245184K
  class space    used 20659K, committed 22080K, reserved 1048576K
}
Event: 126.593 GC heap after
{Heap after GC invocations=70 (full 0):
 garbage-first heap   total 808960K, used 448681K [0x00000000c0000000, 0x0000000100000000)
  region size 1024K, 9 young (9216K), 9 survivors (9216K)
 Metaspace       used 178884K, committed 182208K, reserved 1245184K
  class space    used 20659K, committed 22080K, reserved 1048576K
}
Event: 126.598 GC heap before
{Heap before GC invocations=70 (full 0):
 garbage-first heap   total 808960K, used 448681K [0x00000000c0000000, 0x0000000100000000)
  region size 1024K, 10 young (10240K), 9 survivors (9216K)
 Metaspace       used 178884K, committed 182208K, reserved 1245184K
  class space    used 20659K, committed 22080K, reserved 1048576K
}
Event: 126.606 GC heap after
{Heap after GC invocations=71 (full 0):
 garbage-first heap   total 808960K, used 448776K [0x00000000c0000000, 0x0000000100000000)
  region size 1024K, 9 young (9216K), 9 survivors (9216K)
 Metaspace       used 178884K, committed 182208K, reserved 1245184K
  class space    used 20659K, committed 22080K, reserved 1048576K
}
Event: 139.837 GC heap before
{Heap before GC invocations=72 (full 0):
 garbage-first heap   total 808960K, used 807176K [0x00000000c0000000, 0x0000000100000000)
  region size 1024K, 125 young (128000K), 9 survivors (9216K)
 Metaspace       used 179356K, committed 182656K, reserved 1245184K
  class space    used 20714K, committed 22080K, reserved 1048576K
}
Event: 139.857 GC heap after
{Heap after GC invocations=73 (full 0):
 garbage-first heap   total 824320K, used 470696K [0x00000000c0000000, 0x0000000100000000)
  region size 1024K, 15 young (15360K), 15 survivors (15360K)
 Metaspace       used 179356K, committed 182656K, reserved 1245184K
  class space    used 20714K, committed 22080K, reserved 1048576K
}
Event: 142.503 GC heap before
{Heap before GC invocations=73 (full 0):
 garbage-first heap   total 824320K, used 718504K [0x00000000c0000000, 0x0000000100000000)
  region size 1024K, 257 young (263168K), 15 survivors (15360K)
 Metaspace       used 179564K, committed 182848K, reserved 1245184K
  class space    used 20740K, committed 22144K, reserved 1048576K
}
Event: 142.564 GC heap after
{Heap after GC invocations=74 (full 0):
 garbage-first heap   total 824320K, used 511217K [0x00000000c0000000, 0x0000000100000000)
  region size 1024K, 33 young (33792K), 33 survivors (33792K)
 Metaspace       used 179564K, committed 182848K, reserved 1245184K
  class space    used 20740K, committed 22144K, reserved 1048576K
}
Event: 143.425 GC heap before
{Heap before GC invocations=74 (full 0):
 garbage-first heap   total 824320K, used 575729K [0x00000000c0000000, 0x0000000100000000)
  region size 1024K, 97 young (99328K), 33 survivors (33792K)
 Metaspace       used 179740K, committed 183104K, reserved 1245184K
  class space    used 20758K, committed 22208K, reserved 1048576K
}
Event: 143.456 GC heap after
{Heap after GC invocations=75 (full 0):
 garbage-first heap   total 824320K, used 531873K [0x00000000c0000000, 0x0000000100000000)
  region size 1024K, 19 young (19456K), 19 survivors (19456K)
 Metaspace       used 179740K, committed 183104K, reserved 1245184K
  class space    used 20758K, committed 22208K, reserved 1048576K
}
Event: 146.420 GC heap before
{Heap before GC invocations=76 (full 0):
 garbage-first heap   total 977920K, used 710049K [0x00000000c0000000, 0x0000000100000000)
  region size 1024K, 190 young (194560K), 19 survivors (19456K)
 Metaspace       used 179831K, committed 183168K, reserved 1245184K
  class space    used 20764K, committed 22208K, reserved 1048576K
}
Event: 146.473 GC heap after
{Heap after GC invocations=77 (full 0):
 garbage-first heap   total 977920K, used 565248K [0x00000000c0000000, 0x0000000100000000)
  region size 1024K, 24 young (24576K), 24 survivors (24576K)
 Metaspace       used 179831K, committed 183168K, reserved 1245184K
  class space    used 20764K, committed 22208K, reserved 1048576K
}
Event: 150.900 GC heap before
{Heap before GC invocations=77 (full 0):
 garbage-first heap   total 977920K, used 811008K [0x00000000c0000000, 0x0000000100000000)
  region size 1024K, 264 young (270336K), 24 survivors (24576K)
 Metaspace       used 180759K, committed 184192K, reserved 1245184K
  class space    used 20902K, committed 22336K, reserved 1048576K
}
Event: 151.111 GC heap after
{Heap after GC invocations=78 (full 0):
 garbage-first heap   total 977920K, used 578527K [0x00000000c0000000, 0x0000000100000000)
  region size 1024K, 13 young (13312K), 13 survivors (13312K)
 Metaspace       used 180759K, committed 184192K, reserved 1245184K
  class space    used 20902K, committed 22336K, reserved 1048576K
}
Event: 154.198 GC heap before
{Heap before GC invocations=78 (full 0):
 garbage-first heap   total 977920K, used 722911K [0x00000000c0000000, 0x0000000100000000)
  region size 1024K, 156 young (159744K), 13 survivors (13312K)
 Metaspace       used 180784K, committed 184192K, reserved 1245184K
  class space    used 20905K, committed 22336K, reserved 1048576K
}
Event: 154.231 GC heap after
{Heap after GC invocations=79 (full 0):
 garbage-first heap   total 977920K, used 587569K [0x00000000c0000000, 0x0000000100000000)
  region size 1024K, 22 young (22528K), 22 survivors (22528K)
 Metaspace       used 180784K, committed 184192K, reserved 1245184K
  class space    used 20905K, committed 22336K, reserved 1048576K
}
Event: 158.826 GC heap before
{Heap before GC invocations=80 (full 0):
 garbage-first heap   total 1048576K, used 851761K [0x00000000c0000000, 0x0000000100000000)
  region size 1024K, 279 young (285696K), 22 survivors (22528K)
 Metaspace       used 180861K, committed 184256K, reserved 1245184K
  class space    used 20912K, committed 22336K, reserved 1048576K
}
Event: 158.860 GC heap after
{Heap after GC invocations=81 (full 0):
 garbage-first heap   total 1048576K, used 602412K [0x00000000c0000000, 0x0000000100000000)
  region size 1024K, 25 young (25600K), 25 survivors (25600K)
 Metaspace       used 180861K, committed 184256K, reserved 1245184K
  class space    used 20912K, committed 22336K, reserved 1048576K
}
Event: 162.932 GC heap before
{Heap before GC invocations=81 (full 0):
 garbage-first heap   total 1048576K, used 888108K [0x00000000c0000000, 0x0000000100000000)
  region size 1024K, 305 young (312320K), 25 survivors (25600K)
 Metaspace       used 181016K, committed 184384K, reserved 1245184K
  class space    used 20919K, committed 22336K, reserved 1048576K
}
Event: 162.960 GC heap after
{Heap after GC invocations=82 (full 0):
 garbage-first heap   total 1048576K, used 604950K [0x00000000c0000000, 0x0000000100000000)
  region size 1024K, 21 young (21504K), 21 survivors (21504K)
 Metaspace       used 181016K, committed 184384K, reserved 1245184K
  class space    used 20919K, committed 22336K, reserved 1048576K
}

Dll operation events (20 events):
Event: 1.616 Loaded shared library C:\ST\STM32CubeIDE_1.18.1\STM32CubeIDE\configuration\org.eclipse.osgi\365\0\.cp\swt-gdip-win32-4966r5.dll
Event: 1.945 Loaded shared library C:\Users\acer\AppData\Local\Temp\jna-2988111\jna5478073493107381384.dll
Event: 4.012 Loaded shared library C:\ST\STM32CubeIDE_1.18.1\STM32CubeIDE\plugins\com.st.stm32cube.ide.jre.win64_3.4.0.202409160955\jre\bin\management.dll
Event: 4.016 Loaded shared library C:\ST\STM32CubeIDE_1.18.1\STM32CubeIDE\plugins\com.st.stm32cube.ide.jre.win64_3.4.0.202409160955\jre\bin\management_ext.dll
Event: 4.902 Loaded shared library C:\ST\STM32CubeIDE_1.18.1\STM32CubeIDE\plugins\com.st.stm32cube.ide.jre.win64_3.4.0.202409160955\jre\bin\verify.dll
Event: 12.099 Loaded shared library C:\ST\STM32CubeIDE_1.18.1\STM32CubeIDE\plugins\com.st.stm32cube.ide.jre.win64_3.4.0.202409160955\jre\bin\prefs.dll
Event: 13.343 Loaded shared library C:\ST\STM32CubeIDE_1.18.1\STM32CubeIDE\plugins\com.st.stm32cube.ide.jre.win64_3.4.0.202409160955\jre\bin\awt.dll
Event: 13.586 Loaded shared library C:\ST\STM32CubeIDE_1.18.1\STM32CubeIDE\plugins\org.eclipse.cdt.core.win32.x86_64_11.6.1.202407022008\os\win32\x86_64\spawner.dll
Event: 14.222 Loaded shared library C:\ST\STM32CubeIDE_1.18.1\STM32CubeIDE\plugins\com.st.stm32cube.ide.jre.win64_3.4.0.202409160955\jre\bin\sunmscapi.dll
Event: 14.972 Loaded shared library C:\ST\STM32CubeIDE_1.18.1\STM32CubeIDE\plugins\com.st.stm32cube.ide.jre.win64_3.4.0.202409160955\jre\bin\extnet.dll
Event: 17.201 Loaded shared library C:\ST\STM32CubeIDE_1.18.1\STM32CubeIDE\plugins\com.st.stm32cube.ide.jre.win64_3.4.0.202409160955\jre\bin\rmi.dll
Event: 24.346 Loaded shared library C:\ST\STM32CubeIDE_1.18.1\STM32CubeIDE\plugins\com.st.stm32cube.ide.jre.win64_3.4.0.202409160955\jre\bin\freetype.dll
Event: 24.349 Loaded shared library C:\ST\STM32CubeIDE_1.18.1\STM32CubeIDE\plugins\com.st.stm32cube.ide.jre.win64_3.4.0.202409160955\jre\bin\fontmanager.dll
Event: 27.400 Loaded shared library C:\ST\STM32CubeIDE_1.18.1\STM32CubeIDE\plugins\com.st.stm32cube.ide.jre.win64_3.4.0.202409160955\jre\bin\javajpeg.dll
Event: 27.409 Loaded shared library C:\ST\STM32CubeIDE_1.18.1\STM32CubeIDE\plugins\com.st.stm32cube.ide.jre.win64_3.4.0.202409160955\jre\bin\lcms.dll
Event: 30.028 Loaded shared library C:\Users\acer\.stm32cubeide\.jxbrowser-7.41.4\Chromium\toolkit64.dll
Event: 30.646 Loaded shared library C:\Users\acer\.stm32cubeide\.jxbrowser-7.41.4\Chromium\ipc64.dll
Event: 35.849 Loaded shared library C:\ST\STM32CubeIDE_1.18.1\STM32CubeIDE\plugins\com.st.stm32cube.ide.jre.win64_3.4.0.202409160955\jre\bin\jawt.dll
Event: 35.865 Loaded shared library C:\Users\acer\.stm32cubeide\.jxbrowser-7.41.4\Chromium\awt_toolkit64.dll
Event: 36.101 Loaded shared library C:\ST\STM32CubeIDE_1.18.1\STM32CubeIDE\configuration\org.eclipse.osgi\202\0\.cp\os\win32\x86_64\serial.dll

Deoptimization events (20 events):
Event: 306.017 Thread 0x00000241452e0d10 DEOPT PACKING pc=0x000002412b9e0a2b sp=0x000000b7e04ff240
Event: 306.017 Thread 0x00000241452e0d10 DEOPT UNPACKING pc=0x0000024131f44e42 sp=0x000000b7e04fe6a0 mode 0
Event: 306.020 Thread 0x00000241452e0d10 DEOPT PACKING pc=0x000002412b9e0a2b sp=0x000000b7e04ff240
Event: 306.020 Thread 0x00000241452e0d10 DEOPT UNPACKING pc=0x0000024131f44e42 sp=0x000000b7e04fe6a0 mode 0
Event: 321.386 Thread 0x00000241452e20c0 Uncommon trap: trap_request=0xffffffc6 fr.pc=0x000002413275f5ec relative=0x0000000000000dac
Event: 321.386 Thread 0x00000241452e20c0 Uncommon trap: reason=bimorphic_or_optimized_type_check action=maybe_recompile pc=0x000002413275f5ec method=java.util.HashMap.compute(Ljava/lang/Object;Ljava/util/function/BiFunction;)Ljava/lang/Object; @ 195 c2
Event: 321.386 Thread 0x00000241452e20c0 DEOPT PACKING pc=0x000002413275f5ec sp=0x000000b7e28fefa0
Event: 321.386 Thread 0x00000241452e20c0 DEOPT UNPACKING pc=0x0000024131f446a2 sp=0x000000b7e28fef48 mode 2
Event: 321.387 Thread 0x00000241452e20c0 Uncommon trap: trap_request=0xffffffc6 fr.pc=0x000002413275f5ec relative=0x0000000000000dac
Event: 321.387 Thread 0x00000241452e20c0 Uncommon trap: reason=bimorphic_or_optimized_type_check action=maybe_recompile pc=0x000002413275f5ec method=java.util.HashMap.compute(Ljava/lang/Object;Ljava/util/function/BiFunction;)Ljava/lang/Object; @ 195 c2
Event: 321.387 Thread 0x00000241452e20c0 DEOPT PACKING pc=0x000002413275f5ec sp=0x000000b7e28fefa0
Event: 321.387 Thread 0x00000241452e20c0 DEOPT UNPACKING pc=0x0000024131f446a2 sp=0x000000b7e28fef48 mode 2
Event: 321.387 Thread 0x00000241452e20c0 Uncommon trap: trap_request=0xffffffc6 fr.pc=0x000002413275f5ec relative=0x0000000000000dac
Event: 321.387 Thread 0x00000241452e20c0 Uncommon trap: reason=bimorphic_or_optimized_type_check action=maybe_recompile pc=0x000002413275f5ec method=java.util.HashMap.compute(Ljava/lang/Object;Ljava/util/function/BiFunction;)Ljava/lang/Object; @ 195 c2
Event: 321.387 Thread 0x00000241452e20c0 DEOPT PACKING pc=0x000002413275f5ec sp=0x000000b7e28fefa0
Event: 321.387 Thread 0x00000241452e20c0 DEOPT UNPACKING pc=0x0000024131f446a2 sp=0x000000b7e28fef48 mode 2
Event: 411.074 Thread 0x000002414b86b2c0 Uncommon trap: trap_request=0xfffffff4 fr.pc=0x000002413285f874 relative=0x0000000000001634
Event: 411.074 Thread 0x000002414b86b2c0 Uncommon trap: reason=null_check action=make_not_entrant pc=0x000002413285f874 method=com.sun.jna.Function.invoke(Ljava/lang/reflect/Method;[Ljava/lang/Class;Ljava/lang/Class;[Ljava/lang/Object;Ljava/util/Map;)Ljava/lang/Object; @ 207 c2
Event: 411.074 Thread 0x000002414b86b2c0 DEOPT PACKING pc=0x000002413285f874 sp=0x000000b7e51fe8c0
Event: 411.075 Thread 0x000002414b86b2c0 DEOPT UNPACKING pc=0x0000024131f446a2 sp=0x000000b7e51fe820 mode 2

Classes loaded (20 events):
Event: 120.738 Loading class sun/security/ssl/PreSharedKeyExtension$PartialClientHelloMessage
Event: 120.754 Loading class sun/security/ssl/PreSharedKeyExtension$PartialClientHelloMessage done
Event: 120.833 Loading class sun/security/ssl/PreSharedKeyExtension$SHPreSharedKeySpec
Event: 120.844 Loading class sun/security/ssl/PreSharedKeyExtension$SHPreSharedKeySpec done
Event: 132.350 Loading class sun/security/util/ByteArrays
Event: 132.357 Loading class sun/security/util/ByteArrays done
Event: 133.280 Loading class java/util/stream/ReferencePipeline$4
Event: 133.289 Loading class java/util/stream/ReferencePipeline$4 done
Event: 133.292 Loading class java/util/stream/ReduceOps$6
Event: 133.296 Loading class java/util/stream/ReduceOps$6 done
Event: 133.297 Loading class java/util/stream/ReduceOps$5ReducingSink
Event: 133.300 Loading class java/util/stream/ReduceOps$5ReducingSink done
Event: 133.300 Loading class java/util/stream/ReferencePipeline$4$1
Event: 133.302 Loading class java/util/stream/ReferencePipeline$4$1 done
Event: 144.508 Loading class java/lang/StackStreamFactory$CallerClassFinder
Event: 144.512 Loading class java/lang/StackStreamFactory$CallerClassFinder done
Event: 144.513 Loading class java/lang/StackStreamFactory$CallerClassFinder$ClassBuffer
Event: 144.516 Loading class java/lang/StackStreamFactory$CallerClassFinder$ClassBuffer done
Event: 266.655 Loading class sun/net/ConnectionResetException
Event: 266.664 Loading class sun/net/ConnectionResetException done

Classes unloaded (0 events):
No events

Classes redefined (0 events):
No events

Internal exceptions (20 events):
Event: 137.626 Thread 0x00000241452e2de0 Exception <a 'com/sun/jna/LastErrorException'{0x00000000ea4dc850}: [12180] (null)> (0x00000000ea4dc850) 
thrown [s\src\hotspot\share\prims\jni.cpp, line 539]
Event: 137.955 Thread 0x0000024145b58270 Exception <a 'com/sun/jna/LastErrorException'{0x00000000ea44c298}: [12180] (null)> (0x00000000ea44c298) 
thrown [s\src\hotspot\share\prims\jni.cpp, line 539]
Event: 138.255 Thread 0x00000241452dec40 Exception <a 'com/sun/jna/LastErrorException'{0x00000000ea30aac8}: [12180] (null)> (0x00000000ea30aac8) 
thrown [s\src\hotspot\share\prims\jni.cpp, line 539]
Event: 138.629 Thread 0x0000024145b58270 Exception <a 'com/sun/jna/LastErrorException'{0x00000000e9d27e08}: [12180] (null)> (0x00000000e9d27e08) 
thrown [s\src\hotspot\share\prims\jni.cpp, line 539]
Event: 138.983 Thread 0x000002414493f760 Exception <a 'com/sun/jna/LastErrorException'{0x00000000e9d9b7e8}: [12180] (null)> (0x00000000e9d9b7e8) 
thrown [s\src\hotspot\share\prims\jni.cpp, line 539]
Event: 143.235 Thread 0x0000024145b58270 Implicit null exception at 0x0000024132d6f047 to 0x0000024132d6f210
Event: 143.238 Thread 0x0000024145b58270 Implicit null exception at 0x0000024132ffb33d to 0x0000024132ffc120
Event: 144.199 Thread 0x0000024145b58270 Implicit null exception at 0x0000024132b75c5e to 0x0000024132b76a60
Event: 145.368 Thread 0x0000024145b58270 Implicit null exception at 0x00000241326f2bbb to 0x00000241326f36a9
Event: 147.780 Thread 0x0000024145b58270 Implicit null exception at 0x0000024132663a27 to 0x0000024132663d4c
Event: 148.379 Thread 0x0000024145b58270 Implicit null exception at 0x0000024132c9de16 to 0x0000024132c9e344
Event: 152.939 Thread 0x0000024145b58270 Implicit null exception at 0x0000024132aacad8 to 0x0000024132aad0ed
Event: 157.536 Thread 0x0000024145b58270 Implicit null exception at 0x0000024132a01f13 to 0x0000024132a02b14
Event: 157.785 Thread 0x0000024145b58270 Implicit null exception at 0x0000024132f02788 to 0x0000024132f02d29
Event: 163.704 Thread 0x0000024145b58270 Exception <a 'java/lang/NoSuchMethodError'{0x00000000fa42cc78}: 'void java.lang.invoke.DirectMethodHandle$Holder.invokeSpecial(java.lang.Object, java.lang.Object, int, int)'> (0x00000000fa42cc78) 
thrown [s\src\hotspot\share\interpreter\linkResolver.cpp, line 773]
Event: 266.665 Thread 0x000002414a8fa840 Exception <a 'sun/net/ConnectionResetException'{0x00000000fa375180}: Connection reset> (0x00000000fa375180) 
thrown [s\src\hotspot\share\prims\jni.cpp, line 539]
Event: 273.867 Thread 0x00000241581517c0 Exception <a 'sun/net/ConnectionResetException'{0x00000000fa202d30}: Connection reset> (0x00000000fa202d30) 
thrown [s\src\hotspot\share\prims\jni.cpp, line 539]
Event: 275.409 Thread 0x0000024146083e80 Exception <a 'sun/net/ConnectionResetException'{0x00000000fa110610}: Connection reset> (0x00000000fa110610) 
thrown [s\src\hotspot\share\prims\jni.cpp, line 539]
Event: 321.308 Thread 0x00000241452e20c0 Exception <a 'java/io/FileNotFoundException'{0x00000000f9494db8}> (0x00000000f9494db8) 
thrown [s\src\hotspot\share\prims\jni.cpp, line 520]
Event: 411.074 Thread 0x000002414b86b2c0 Implicit null exception at 0x000002413285e824 to 0x000002413285f830

ZGC Phase Switch (0 events):
No events

VM Operations (20 events):
Event: 306.310 Executing VM operation: Cleanup
Event: 306.310 Executing VM operation: Cleanup done
Event: 321.319 Executing VM operation: Cleanup
Event: 321.319 Executing VM operation: Cleanup done
Event: 322.319 Executing VM operation: Cleanup
Event: 322.319 Executing VM operation: Cleanup done
Event: 360.958 Executing VM operation: HandshakeAllThreads (HandshakeForDeflation)
Event: 360.959 Executing VM operation: HandshakeAllThreads (HandshakeForDeflation) done
Event: 360.959 Executing VM operation: RendezvousGCThreads
Event: 360.959 Executing VM operation: RendezvousGCThreads done
Event: 411.985 Executing VM operation: Cleanup
Event: 411.985 Executing VM operation: Cleanup done
Event: 419.991 Executing VM operation: Cleanup
Event: 419.991 Executing VM operation: Cleanup done
Event: 427.994 Executing VM operation: Cleanup
Event: 427.994 Executing VM operation: Cleanup done
Event: 453.007 Executing VM operation: Cleanup
Event: 453.007 Executing VM operation: Cleanup done
Event: 454.008 Executing VM operation: Cleanup
Event: 454.008 Executing VM operation: Cleanup done

Events (20 events):
Event: 305.093 Thread 0x0000024159c7c140 Thread added: 0x0000024159c7c140
Event: 311.020 Thread 0x0000024158159910 Thread exited: 0x0000024158159910
Event: 311.020 Thread 0x000002415815a6b0 Thread exited: 0x000002415815a6b0
Event: 311.020 Thread 0x0000024158159240 Thread exited: 0x0000024158159240
Event: 311.021 Thread 0x0000024159c7c140 Thread exited: 0x0000024159c7c140
Event: 311.021 Thread 0x00000241588de2f0 Thread exited: 0x00000241588de2f0
Event: 311.021 Thread 0x000002414557a2b0 Thread exited: 0x000002414557a2b0
Event: 316.021 Thread 0x0000024153812760 Thread exited: 0x0000024153812760
Event: 321.351 Thread 0x00000241588ddc20 Thread added: 0x00000241588ddc20
Event: 321.353 Thread 0x0000024153812090 Thread added: 0x0000024153812090
Event: 321.569 Thread 0x00000241588ddc20 Thread exited: 0x00000241588ddc20
Event: 324.073 Thread 0x0000024153812090 Thread exited: 0x0000024153812090
Event: 419.080 Thread 0x000002413e988ed0 Thread added: 0x000002413e988ed0
Event: 423.074 Thread 0x000002413e988ed0 Thread exited: 0x000002413e988ed0
Event: 452.503 Thread 0x000002413e988ed0 Thread added: 0x000002413e988ed0
Event: 452.536 Thread 0x000002413e988800 Thread added: 0x000002413e988800
Event: 452.585 Thread 0x0000024158159fe0 Thread added: 0x0000024158159fe0
Event: 453.100 Thread 0x0000024158159fe0 Thread exited: 0x0000024158159fe0
Event: 453.100 Thread 0x000002413e988800 Thread exited: 0x000002413e988800
Event: 453.132 Thread 0x000002413e988800 Thread added: 0x000002413e988800


Dynamic libraries:
0x00007ff775980000 - 0x00007ff775a09000 	C:\ST\STM32CubeIDE_1.18.1\STM32CubeIDE\stm32cubeide.exe
0x00007ffa2aa20000 - 0x00007ffa2ac89000 	C:\WINDOWS\SYSTEM32\ntdll.dll
0x00007ffa298b0000 - 0x00007ffa29979000 	C:\WINDOWS\System32\KERNEL32.DLL
0x00007ffa27fd0000 - 0x00007ffa283c3000 	C:\WINDOWS\System32\KERNELBASE.dll
0x00007ffa28830000 - 0x00007ffa289f4000 	C:\WINDOWS\System32\USER32.dll
0x00007ffa27e70000 - 0x00007ffa27e97000 	C:\WINDOWS\System32\win32u.dll
0x00007ffa293b0000 - 0x00007ffa293db000 	C:\WINDOWS\System32\GDI32.dll
0x00007ffa27ea0000 - 0x00007ffa27fcd000 	C:\WINDOWS\System32\gdi32full.dll
0x00007ffa27dc0000 - 0x00007ffa27e63000 	C:\WINDOWS\System32\msvcp_win.dll
0x00007ffa286a0000 - 0x00007ffa287eb000 	C:\WINDOWS\System32\ucrtbase.dll
0x00007ffa08700000 - 0x00007ffa08993000 	C:\WINDOWS\WinSxS\amd64_microsoft.windows.common-controls_6595b64144ccf1df_6.0.26100.5074_none_3e0d6f78e32fd63f\COMCTL32.dll
0x00007ffa28db0000 - 0x00007ffa28e59000 	C:\WINDOWS\System32\msvcrt.dll
0x00007ffa287f0000 - 0x00007ffa2881f000 	C:\WINDOWS\System32\IMM32.DLL
0x00007ffa177b0000 - 0x00007ffa177f5000 	C:\ST\STM32CubeIDE_1.18.1\STM32CubeIDE\plugins\org.eclipse.equinox.launcher.win32.win32.x86_64_1.2.1100.v20240722-2106\eclipse_11904.dll
0x00007ffa29130000 - 0x00007ffa291e4000 	C:\WINDOWS\System32\ADVAPI32.dll
0x00007ffa28c00000 - 0x00007ffa28ca6000 	C:\WINDOWS\System32\sechost.dll
0x00007ffa29df0000 - 0x00007ffa29f08000 	C:\WINDOWS\System32\RPCRT4.dll
0x00007ffa28a60000 - 0x00007ffa28bf8000 	C:\WINDOWS\System32\ole32.dll
0x00007ffa29f10000 - 0x00007ffa2a28b000 	C:\WINDOWS\System32\combase.dll
0x00007ffa202b0000 - 0x00007ffa202bb000 	C:\WINDOWS\SYSTEM32\VERSION.dll
0x00007ff99ec00000 - 0x00007ff99f982000 	C:\ST\STM32CubeIDE_1.18.1\STM32CubeIDE\plugins\com.st.stm32cube.ide.jre.win64_3.4.0.202409160955\jre\bin\server\jvm.dll
0x00007ffa29b70000 - 0x00007ffa29be4000 	C:\WINDOWS\System32\WS2_32.dll
0x00007ffa27a10000 - 0x00007ffa27a6e000 	C:\WINDOWS\SYSTEM32\POWRPROF.dll
0x00007ffa04070000 - 0x00007ffa0408e000 	C:\WINDOWS\SYSTEM32\VCRUNTIME140.dll
0x00007ffa04090000 - 0x00007ffa0409c000 	C:\WINDOWS\SYSTEM32\VCRUNTIME140_1.dll
0x00007ffa11530000 - 0x00007ffa11565000 	C:\WINDOWS\SYSTEM32\WINMM.dll
0x00007ffa279f0000 - 0x00007ffa27a04000 	C:\WINDOWS\SYSTEM32\UMPDC.dll
0x00007ffa19dc0000 - 0x00007ffa19dca000 	C:\ST\STM32CubeIDE_1.18.1\STM32CubeIDE\plugins\com.st.stm32cube.ide.jre.win64_3.4.0.202409160955\jre\bin\jimage.dll
0x00007ffa24e90000 - 0x00007ffa250d2000 	C:\WINDOWS\SYSTEM32\DBGHELP.DLL
0x00007ffa28fc0000 - 0x00007ffa29097000 	C:\WINDOWS\System32\OLEAUT32.dll
0x00007ffa04030000 - 0x00007ffa0406d000 	C:\WINDOWS\SYSTEM32\dbgcore.DLL
0x00007ffa27d20000 - 0x00007ffa27db9000 	C:\WINDOWS\System32\bcryptPrimitives.dll
0x00007ffa17ba0000 - 0x00007ffa17bbf000 	C:\ST\STM32CubeIDE_1.18.1\STM32CubeIDE\plugins\com.st.stm32cube.ide.jre.win64_3.4.0.202409160955\jre\bin\java.dll
0x00007ffa26990000 - 0x00007ffa269ab000 	C:\WINDOWS\SYSTEM32\kernel.appcore.dll
0x00007ffa2a290000 - 0x00007ffa2a9dd000 	C:\WINDOWS\System32\SHELL32.dll
0x00007ffa27bb0000 - 0x00007ffa27d1c000 	C:\WINDOWS\System32\wintypes.dll
0x00007ffa257e0000 - 0x00007ffa26039000 	C:\WINDOWS\SYSTEM32\windows.storage.dll
0x00007ffa29a60000 - 0x00007ffa29b50000 	C:\WINDOWS\System32\SHCORE.dll
0x00007ffa28cb0000 - 0x00007ffa28d12000 	C:\WINDOWS\System32\shlwapi.dll
0x00007ffa27ad0000 - 0x00007ffa27af9000 	C:\WINDOWS\SYSTEM32\profapi.dll
0x00007ffa159d0000 - 0x00007ffa15aa7000 	C:\ST\STM32CubeIDE_1.18.1\STM32CubeIDE\plugins\com.st.stm32cube.ide.jre.win64_3.4.0.202409160955\jre\bin\jsvml.dll
0x00007ffa24700000 - 0x00007ffa24710000 	C:\ST\STM32CubeIDE_1.18.1\STM32CubeIDE\plugins\com.st.stm32cube.ide.jre.win64_3.4.0.202409160955\jre\bin\net.dll
0x00007ffa21780000 - 0x00007ffa2189f000 	C:\WINDOWS\SYSTEM32\WINHTTP.dll
0x00007ffa26f10000 - 0x00007ffa26f7b000 	C:\WINDOWS\system32\mswsock.dll
0x00007ffa20df0000 - 0x00007ffa20e06000 	C:\ST\STM32CubeIDE_1.18.1\STM32CubeIDE\plugins\com.st.stm32cube.ide.jre.win64_3.4.0.202409160955\jre\bin\nio.dll
0x00007ffa18e10000 - 0x00007ffa18e28000 	C:\ST\STM32CubeIDE_1.18.1\STM32CubeIDE\plugins\com.st.stm32cube.ide.jre.win64_3.4.0.202409160955\jre\bin\zip.dll
0x00007ffa249a0000 - 0x00007ffa24a48000 	C:\WINDOWS\system32\uxtheme.dll
0x00007ffa28e60000 - 0x00007ffa28fb8000 	C:\WINDOWS\System32\MSCTF.dll
0x00007ffa291f0000 - 0x00007ffa292a1000 	C:\WINDOWS\System32\clbcatq.dll
0x00007ffa136a0000 - 0x00007ffa137e9000 	C:\WINDOWS\SYSTEM32\textinputframework.dll
0x00007ffa24370000 - 0x00007ffa24495000 	C:\WINDOWS\SYSTEM32\CoreMessaging.dll
0x00007ffa20590000 - 0x00007ffa20873000 	C:\WINDOWS\SYSTEM32\CoreUIComponents.dll
0x00007ffa271b0000 - 0x00007ffa271bc000 	C:\WINDOWS\SYSTEM32\CRYPTBASE.DLL
0x00007ffa13430000 - 0x00007ffa134fa000 	C:\ST\STM32CubeIDE_1.18.1\STM32CubeIDE\configuration\org.eclipse.osgi\365\0\.cp\swt-win32-4966r5.dll
0x00007ffa292b0000 - 0x00007ffa293a1000 	C:\WINDOWS\System32\COMDLG32.dll
0x00007ffa05a80000 - 0x00007ffa05b32000 	C:\WINDOWS\SYSTEM32\WINSPOOL.DRV
0x00007ffa05a00000 - 0x00007ffa05a78000 	C:\WINDOWS\SYSTEM32\OLEACC.dll
0x00007ff9943b0000 - 0x00007ff9943c9000 	C:\WINDOWS\SYSTEM32\USP10.dll
0x00007ffa0c5a0000 - 0x00007ffa0c829000 	C:\WINDOWS\SYSTEM32\WININET.dll
0x00007ffa223a0000 - 0x00007ffa224a4000 	C:\WINDOWS\SYSTEM32\PROPSYS.dll
0x00007ffa03510000 - 0x00007ffa036ef000 	C:\WINDOWS\SYSTEM32\urlmon.dll
0x00007ffa24c80000 - 0x00007ffa24cab000 	C:\WINDOWS\SYSTEM32\dwmapi.dll
0x00007ffa27710000 - 0x00007ffa27767000 	C:\WINDOWS\SYSTEM32\cfgmgr32.dll
0x00007ffa02df0000 - 0x00007ffa030b4000 	C:\WINDOWS\SYSTEM32\iertutil.dll
0x00007ffa02dc0000 - 0x00007ffa02de9000 	C:\WINDOWS\SYSTEM32\srvcli.dll
0x00007ffa262d0000 - 0x00007ffa262dd000 	C:\WINDOWS\SYSTEM32\netutils.dll
0x00007ffa13130000 - 0x00007ffa13138000 	C:\WINDOWS\SYSTEM32\MSIMG32.dll
0x00007ffa17c40000 - 0x00007ffa17c6c000 	C:\ST\STM32CubeIDE_1.18.1\STM32CubeIDE\configuration\org.eclipse.osgi\365\0\.cp\swt-gdip-win32-4966r5.dll
0x00007ffa05b40000 - 0x00007ffa05d18000 	C:\WINDOWS\WinSxS\amd64_microsoft.windows.gdiplus_6595b64144ccf1df_1.1.26100.5074_none_6ef8625e3dc2500d\gdiplus.dll
0x00007ffa22f80000 - 0x00007ffa231af000 	C:\WINDOWS\SYSTEM32\WindowsCodecs.dll
0x00007ffa271c0000 - 0x00007ffa271db000 	C:\WINDOWS\SYSTEM32\CRYPTSP.dll
0x00007ffa268f0000 - 0x00007ffa2692b000 	C:\WINDOWS\system32\rsaenh.dll
0x00007ffa26fb0000 - 0x00007ffa26fdb000 	C:\WINDOWS\SYSTEM32\USERENV.dll
0x00007ffa27aa0000 - 0x00007ffa27ac6000 	C:\WINDOWS\SYSTEM32\bcrypt.dll
0x00007ffa26420000 - 0x00007ffa26454000 	C:\WINDOWS\SYSTEM32\IPHLPAPI.DLL
0x00007ffa298a0000 - 0x00007ffa298aa000 	C:\WINDOWS\System32\NSI.dll
0x00007ffa16920000 - 0x00007ffa16965000 	C:\Users\acer\AppData\Local\Temp\jna-2988111\jna5478073493107381384.dll
0x00007ffa290a0000 - 0x00007ffa290a8000 	C:\WINDOWS\System32\PSAPI.DLL
0x00007ff9ed810000 - 0x00007ff9ed8c3000 	C:\WINDOWS\SYSTEM32\TextShaping.dll
0x00007ffa222f0000 - 0x00007ffa2230e000 	C:\WINDOWS\SYSTEM32\dhcpcsvc6.DLL
0x00007ffa222c0000 - 0x00007ffa222e3000 	C:\WINDOWS\SYSTEM32\dhcpcsvc.DLL
0x00007ffa245e0000 - 0x00007ffa245ea000 	C:\ST\STM32CubeIDE_1.18.1\STM32CubeIDE\plugins\com.st.stm32cube.ide.jre.win64_3.4.0.202409160955\jre\bin\management.dll
0x00007ffa24350000 - 0x00007ffa2435b000 	C:\ST\STM32CubeIDE_1.18.1\STM32CubeIDE\plugins\com.st.stm32cube.ide.jre.win64_3.4.0.202409160955\jre\bin\management_ext.dll
0x00007ff9ff4f0000 - 0x00007ff9ff508000 	C:\WINDOWS\system32\napinsp.dll
0x00007ffa26460000 - 0x00007ffa26586000 	C:\WINDOWS\SYSTEM32\DNSAPI.dll
0x00007ff9feea0000 - 0x00007ff9feeb2000 	C:\WINDOWS\System32\winrnr.dll
0x00007ff9fee00000 - 0x00007ff9fee28000 	C:\WINDOWS\system32\nlansp_c.dll
0x00007ff9fede0000 - 0x00007ff9fedf6000 	C:\WINDOWS\system32\wshbth.dll
0x00007ffa20dd0000 - 0x00007ffa20ddb000 	C:\Windows\System32\rasadhlp.dll
0x00007ffa225f0000 - 0x00007ffa22676000 	C:\WINDOWS\System32\fwpuclnt.dll
0x00007ffa19d00000 - 0x00007ffa19d10000 	C:\ST\STM32CubeIDE_1.18.1\STM32CubeIDE\plugins\com.st.stm32cube.ide.jre.win64_3.4.0.202409160955\jre\bin\verify.dll
0x00007ff9ec490000 - 0x00007ff9ec4ea000 	C:\WINDOWS\system32\dataexchange.dll
0x00007ffa197d0000 - 0x00007ffa19a09000 	C:\WINDOWS\system32\twinapi.appcore.dll
0x00007ff9e0540000 - 0x00007ff9e0584000 	C:\WINDOWS\system32\mlang.dll
0x00007ffa231c0000 - 0x00007ffa23427000 	C:\WINDOWS\SYSTEM32\DWrite.dll
0x00007ff9e4cc0000 - 0x00007ff9e4f7e000 	C:\WINDOWS\system32\explorerframe.dll
0x00007ffa19b40000 - 0x00007ffa19b49000 	C:\ST\STM32CubeIDE_1.18.1\STM32CubeIDE\plugins\com.st.stm32cube.ide.jre.win64_3.4.0.202409160955\jre\bin\prefs.dll
0x00007ff9e3db0000 - 0x00007ff9e3f3e000 	C:\ST\STM32CubeIDE_1.18.1\STM32CubeIDE\plugins\com.st.stm32cube.ide.jre.win64_3.4.0.202409160955\jre\bin\awt.dll
0x00007ffa040d0000 - 0x00007ffa0415d000 	C:\WINDOWS\SYSTEM32\MSVCP140.dll
0x00007ffa247c0000 - 0x00007ffa2485e000 	C:\WINDOWS\SYSTEM32\apphelp.dll
0x000000006ef90000 - 0x000000006efe4000 	C:\ST\STM32CubeIDE_1.18.1\STM32CubeIDE\plugins\org.eclipse.cdt.core.win32.x86_64_11.6.1.202407022008\os\win32\x86_64\spawner.dll
0x00007ffa18210000 - 0x00007ffa1821e000 	C:\ST\STM32CubeIDE_1.18.1\STM32CubeIDE\plugins\com.st.stm32cube.ide.jre.win64_3.4.0.202409160955\jre\bin\sunmscapi.dll
0x00007ffa283d0000 - 0x00007ffa28547000 	C:\WINDOWS\System32\CRYPT32.dll
0x00007ffa273d0000 - 0x00007ffa27400000 	C:\WINDOWS\SYSTEM32\ncrypt.dll
0x00007ffa27380000 - 0x00007ffa273bf000 	C:\WINDOWS\SYSTEM32\NTASN1.dll
0x00007ffa27220000 - 0x00007ffa27233000 	C:\WINDOWS\SYSTEM32\MSASN1.dll
0x00007ffa26f80000 - 0x00007ffa26fa7000 	C:\WINDOWS\SYSTEM32\gpapi.dll
0x00007ffa21f70000 - 0x00007ffa21f79000 	C:\ST\STM32CubeIDE_1.18.1\STM32CubeIDE\plugins\com.st.stm32cube.ide.jre.win64_3.4.0.202409160955\jre\bin\extnet.dll
0x00007ffa21f60000 - 0x00007ffa21f67000 	C:\ST\STM32CubeIDE_1.18.1\STM32CubeIDE\plugins\com.st.stm32cube.ide.jre.win64_3.4.0.202409160955\jre\bin\rmi.dll
0x00007ff9f18a0000 - 0x00007ff9f18c9000 	C:\WINDOWS\SYSTEM32\edputil.dll
0x00007ff9f4190000 - 0x00007ff9f429c000 	C:\WINDOWS\system32\opengl32.dll
0x00007ffa17bd0000 - 0x00007ffa17bfd000 	C:\WINDOWS\SYSTEM32\GLU32.dll
0x00007ffa24c10000 - 0x00007ffa24c54000 	C:\WINDOWS\SYSTEM32\dxcore.dll
0x00007ffa15750000 - 0x00007ffa157d7000 	C:\ST\STM32CubeIDE_1.18.1\STM32CubeIDE\plugins\com.st.stm32cube.ide.jre.win64_3.4.0.202409160955\jre\bin\freetype.dll
0x00007ff9f58c0000 - 0x00007ff9f59a2000 	C:\ST\STM32CubeIDE_1.18.1\STM32CubeIDE\plugins\com.st.stm32cube.ide.jre.win64_3.4.0.202409160955\jre\bin\fontmanager.dll
0x00007ffa17b70000 - 0x00007ffa17b9e000 	C:\ST\STM32CubeIDE_1.18.1\STM32CubeIDE\plugins\com.st.stm32cube.ide.jre.win64_3.4.0.202409160955\jre\bin\javajpeg.dll
0x00007ffa17850000 - 0x00007ffa17890000 	C:\ST\STM32CubeIDE_1.18.1\STM32CubeIDE\plugins\com.st.stm32cube.ide.jre.win64_3.4.0.202409160955\jre\bin\lcms.dll
0x00007ff9e2eb0000 - 0x00007ff9e2fbd000 	C:\Users\acer\.stm32cubeide\.jxbrowser-7.41.4\Chromium\toolkit64.dll
0x00007ff9de1f0000 - 0x00007ff9de2f5000 	C:\Users\acer\.stm32cubeide\.jxbrowser-7.41.4\Chromium\ipc64.dll
0x00007ffa20e70000 - 0x00007ffa20e77000 	C:\ST\STM32CubeIDE_1.18.1\STM32CubeIDE\plugins\com.st.stm32cube.ide.jre.win64_3.4.0.202409160955\jre\bin\jawt.dll
0x00007ff9c69e0000 - 0x00007ff9c6ad8000 	C:\Users\acer\.stm32cubeide\.jxbrowser-7.41.4\Chromium\awt_toolkit64.dll
0x00007ff9f1350000 - 0x00007ff9f13ff000 	C:\Windows\System32\twinapi.dll
0x000000006ef20000 - 0x000000006ef83000 	C:\ST\STM32CubeIDE_1.18.1\STM32CubeIDE\configuration\org.eclipse.osgi\202\0\.cp\os\win32\x86_64\serial.dll
0x00007ff9fc800000 - 0x00007ff9fc808000 	C:\WINDOWS\system32\wshunix.dll

dbghelp: loaded successfully - version: 4.0.5 - missing functions: none
symbol engine: initialized successfully - sym options: 0x614 - pdb path: .;C:\ST\STM32CubeIDE_1.18.1\STM32CubeIDE;C:\WINDOWS\SYSTEM32;C:\WINDOWS\WinSxS\amd64_microsoft.windows.common-controls_6595b64144ccf1df_6.0.26100.5074_none_3e0d6f78e32fd63f;C:\ST\STM32CubeIDE_1.18.1\STM32CubeIDE\plugins\org.eclipse.equinox.launcher.win32.win32.x86_64_1.2.1100.v20240722-2106;C:\ST\STM32CubeIDE_1.18.1\STM32CubeIDE\plugins\com.st.stm32cube.ide.jre.win64_3.4.0.202409160955\jre\bin\server;C:\ST\STM32CubeIDE_1.18.1\STM32CubeIDE\plugins\com.st.stm32cube.ide.jre.win64_3.4.0.202409160955\jre\bin;C:\ST\STM32CubeIDE_1.18.1\STM32CubeIDE\configuration\org.eclipse.osgi\365\0\.cp;C:\WINDOWS\WinSxS\amd64_microsoft.windows.gdiplus_6595b64144ccf1df_1.1.26100.5074_none_6ef8625e3dc2500d;C:\Users\acer\AppData\Local\Temp\jna-2988111;C:\ST\STM32CubeIDE_1.18.1\STM32CubeIDE\plugins\org.eclipse.cdt.core.win32.x86_64_11.6.1.202407022008\os\win32\x86_64;C:\Users\acer\.stm32cubeide\.jxbrowser-7.41.4\Chromium;C:\ST\STM32CubeIDE_1.18.1\STM32CubeIDE\configuration\org.eclipse.osgi\202\0\.cp\os\win32\x86_64

VM Arguments:
jvm_args: -Dosgi.requiredJavaVersion=1.8 -Dosgi.instance.area.default=@user.home/STM32CubeIDE/workspace_1.18.1 -Declipse.buildId=Version 1.18.1 -DproductMaturityGrade=mm -Djdk.http.auth.tunneling.disabledSchemes= -XX:+UseG1GC -XX:+UseStringDeduplication -Xms256m -Xmx1024m -Djavax.net.ssl.trustStoreType=WINDOWS-ROOT 
java_command: <unknown>
java_class_path (initial): C:\ST\STM32CubeIDE_1.18.1\STM32CubeIDE\\plugins/org.eclipse.equinox.launcher_1.6.900.v20240613-2009.jar
Launcher Type: generic

[Global flags]
     intx CICompilerCount                          = 12                                        {product} {ergonomic}
     uint ConcGCThreads                            = 3                                         {product} {ergonomic}
     uint G1ConcRefinementThreads                  = 13                                        {product} {ergonomic}
   size_t G1HeapRegionSize                         = 1048576                                   {product} {ergonomic}
    uintx GCDrainStackTargetSize                   = 64                                        {product} {ergonomic}
   size_t InitialHeapSize                          = 268435456                                 {product} {command line}
   size_t MarkStackSize                            = 4194304                                   {product} {ergonomic}
   size_t MaxHeapSize                              = 1073741824                                {product} {command line}
   size_t MaxNewSize                               = 643825664                                 {product} {ergonomic}
   size_t MinHeapDeltaBytes                        = 1048576                                   {product} {ergonomic}
   size_t MinHeapSize                              = 268435456                                 {product} {command line}
    uintx NonNMethodCodeHeapSize                   = 7602480                                {pd product} {ergonomic}
    uintx NonProfiledCodeHeapSize                  = 122027880                              {pd product} {ergonomic}
    uintx ProfiledCodeHeapSize                     = 122027880                              {pd product} {ergonomic}
    uintx ReservedCodeCacheSize                    = 251658240                              {pd product} {ergonomic}
     bool SegmentedCodeCache                       = true                                      {product} {ergonomic}
   size_t SoftMaxHeapSize                          = 1073741824                             {manageable} {ergonomic}
     bool UseCompressedOops                        = true                           {product lp64_product} {ergonomic}
     bool UseG1GC                                  = true                                      {product} {command line}
     bool UseLargePagesIndividualAllocation        = false                                  {pd product} {ergonomic}
     bool UseStringDeduplication                   = true                                      {product} {command line}

Logging:
Log output configuration:
 #0: stdout all=warning uptime,level,tags foldmultilines=false
 #1: stderr all=off uptime,level,tags foldmultilines=false

Environment Variables:
PATH=C:\Python313\Scripts\;C:\Python313\;C:\WINDOWS\system32;C:\WINDOWS;C:\WINDOWS\System32\Wbem;C:\WINDOWS\System32\WindowsPowerShell\v1.0\;C:\WINDOWS\System32\OpenSSH\;C:\Program Files\nodejs\;C:\ProgramData\chocolatey\bin;C:\Program Files\Git\cmd;C:\Program Files\Git LFS;C:\Users\acer\AppData\Local\Microsoft\WindowsApps;C:\Users\acer\AppData\Local\Programs\Microsoft VS Code\bin;C:\Users\acer\AppData\Local\Microsoft\WinGet\Links;C:\Users\acer\AppData\Roaming\npm;C:\msys64;C:\msys64\mingw64\bin;C:\Espressif;D:\InternshipIOT;
USERNAME=acer
OS=Windows_NT
PROCESSOR_IDENTIFIER=Intel64 Family 6 Model 154 Stepping 3, GenuineIntel
TMP=C:\Users\acer\AppData\Local\Temp
TEMP=C:\Users\acer\AppData\Local\Temp




Periodic native trim disabled

---------------  S Y S T E M  ---------------

OS:
 Windows 11 , 64 bit Build 26100 (10.0.26100.5074)
OS uptime: 8 days 7:21 hours
Hyper-V role detected

CPU: total 16 (initial active 16) (8 cores per cpu, 2 threads per core) family 6 model 154 stepping 3 microcode 0x42a, cx8, cmov, fxsr, ht, mmx, 3dnowpref, sse, sse2, sse3, ssse3, sse4.1, sse4.2, popcnt, lzcnt, tsc, tscinvbit, avx, avx2, aes, erms, clmul, bmi1, bmi2, adx, sha, fma, vzeroupper, clflush, clflushopt, clwb, hv, serialize, rdtscp, rdpid, fsrm, f16c, cet_ibt, cet_ss
Processor Information for processor 0
  Max Mhz: 1700, Current Mhz: 1700, Mhz Limit: 1700
Processor Information for processor 1
  Max Mhz: 1700, Current Mhz: 1700, Mhz Limit: 1700
Processor Information for processor 2
  Max Mhz: 1700, Current Mhz: 1700, Mhz Limit: 1700
Processor Information for processor 3
  Max Mhz: 1700, Current Mhz: 1700, Mhz Limit: 1700
Processor Information for processor 4
  Max Mhz: 1700, Current Mhz: 1457, Mhz Limit: 1700
Processor Information for processor 5
  Max Mhz: 1700, Current Mhz: 1700, Mhz Limit: 1700
Processor Information for processor 6
  Max Mhz: 1700, Current Mhz: 1700, Mhz Limit: 1700
Processor Information for processor 7
  Max Mhz: 1700, Current Mhz: 1700, Mhz Limit: 1700
Processor Information for processor 8
  Max Mhz: 1700, Current Mhz: 1200, Mhz Limit: 1190
Processor Information for processor 9
  Max Mhz: 1700, Current Mhz: 1200, Mhz Limit: 1190
Processor Information for processor 10
  Max Mhz: 1700, Current Mhz: 1200, Mhz Limit: 1190
Processor Information for processor 11
  Max Mhz: 1700, Current Mhz: 1200, Mhz Limit: 1190
Processor Information for processor 12
  Max Mhz: 1700, Current Mhz: 1200, Mhz Limit: 1190
Processor Information for processor 13
  Max Mhz: 1700, Current Mhz: 1200, Mhz Limit: 1190
Processor Information for processor 14
  Max Mhz: 1700, Current Mhz: 1200, Mhz Limit: 1190
Processor Information for processor 15
  Max Mhz: 1700, Current Mhz: 1200, Mhz Limit: 1190

Memory: 4k page, system-wide physical 7896M (477M free)
TotalPageFile size 26991M (AvailPageFile size 0M)
current process WorkingSet (physical memory assigned to process): 121M, peak: 1138M
current process commit charge ("private bytes"): 1529M, peak: 1556M

vm_info: OpenJDK 64-Bit Server VM (21.0.3+9-LTS) for windows-amd64 JRE (21.0.3+9-LTS), built on 2024-04-16T00:00:00Z by "admin" with MS VC++ 17.7 (VS2022)

END.
